h,t,t,p,s,:,/,/,w,w,w,.,r,i,c,a,r,d,o,c,u,i,s,i,n,e,.,c,o,m,/,r,e,c,e,t,t,e,s,/,8,7,4,6,-,b,o,l,-,e,x,p,r,e,s,s,-,a,-,l,-,o,e,u,f,-,m,o,l,l,e,t,-,b,e,t,t,e,r,a,v,e,-,h,o,u,m,o,u,s,-,e,t,-,p,i,t,a,s,-,g,r,i,l,l,e,s
h,t,t,p,s,:,/,/,w,w,w,.,r,i,c,a,r,d,o,c,u,i,s,i,n,e,.,c,o,m,/,r,e,c,e,t,t,e,s,/,8,7,3,7,-,s,a,u,t,e,-,d,-,a,u,b,e,r,g,i,n,e,s,-,d,e,-,t,o,f,u,-,e,t,-,d,e,-,c,o,n,c,o,m,b,r,e,s,-,a,-,l,-,a,r,a,c,h,i,d,e
h,t,t,p,s,:,/,/,w,w,w,.,r,i,c,a,r,d,o,c,u,i,s,i,n,e,.,c,o,m,/,r,e,c,e,t,t,e,s,/,8,7,2,1,-,c,r,e,m,e,-,d,e,-,m,a,i,s,-,a,u,-,t,o,f,u,-,b,a,r,b,e,c,u,e
h,t,t,p,s,:,/,/,w,w,w,.,r,i,c,a,r,d,o,c,u,i,s,i,n,e,.,c,o,m,/,r,e,c,e,t,t,e,s,/,8,6,5,4,-,g,r,a,t,i,n,-,d,e,-,c,h,o,u,-,f,l,e,u,r,-,a,-,l,-,e,p,e,a,u,t,r,e
h,t,t,p,s,:,/,/,w,w,w,.,r,i,c,a,r,d,o,c,u,i,s,i,n,e,.,c,o,m,/,r,e,c,e,t,t,e,s,/,8,6,1,5,-,v,e,l,o,u,t,e,-,d,e,-,c,o,u,r,g,e,-,e,t,-,d,e,-,f,e,n,o,u,i,l,-,a,u,-,p,o,i,v,r,e,-,r,o,s,e
h,t,t,p,s,:,/,/,w,w,w,.,r,i,c,a,r,d,o,c,u,i,s,i,n,e,.,c,o,m,/,r,e,c,e,t,t,e,s,/,8,5,9,6,-,p,a,t,e,-,c,h,i,n,o,i,s,-,v,e,g,e,t,a,r,i,e,n
h,t,t,p,s,:,/,/,w,w,w,.,r,i,c,a,r,d,o,c,u,i,s,i,n,e,.,c,o,m,/,r,e,c,e,t,t,e,s,/,8,5,7,2,-,s,u,b,s,t,i,t,u,t,-,v,e,g,e,t,a,l,i,e,n,-,d,e,-,p,a,r,m,e,s,a,n
h,t,t,p,s,:,/,/,w,w,w,.,r,i,c,a,r,d,o,c,u,i,s,i,n,e,.,c,o,m,/,r,e,c,e,t,t,e,s,/,8,5,7,1,-,s,p,a,g,h,e,t,t,i,s,-,a,u,x,-,b,o,u,l,e,t,t,e,s,-,a,-,l,-,a,u,b,e,r,g,i,n,e,-,e,t,-,a,-,l,a,-,s,a,u,c,e,-,t,o,m,a,t,e
h,t,t,p,s,:,/,/,w,w,w,.,r,i,c,a,r,d,o,c,u,i,s,i,n,e,.,c,o,m,/,r,e,c,e,t,t,e,s,/,8,5,5,9,-,c,a,r,i,-,d,e,-,l,e,n,t,i,l,l,e,s,-,e,t,-,d,e,-,c,o,u,r,g,e,-,a,-,l,-,a,u,t,o,c,u,i,s,e,u,r
h,t,t,p,s,:,/,/,w,w,w,.,r,i,c,a,r,d,o,c,u,i,s,i,n,e,.,c,o,m,/,r,e,c,e,t,t,e,s,/,8,5,5,6,-,c,h,i,l,i,-,v,e,g,e,t,a,r,i,e,n,-,a,u,x,-,e,d,a,m,a,m,e,s
h,t,t,p,s,:,/,/,w,w,w,.,r,i,c,a,r,d,o,c,u,i,s,i,n,e,.,c,o,m,/,r,e,c,e,t,t,e,s,/,8,5,4,8,-,t,a,r,t,i,n,e,s,-,g,r,i,l,l,e,e,s,-,a,u,x,-,c,o,u,r,g,e,t,t,e,s,-,e,t,-,s,a,l,a,d,e,-,d,e,-,t,o,m,a,t,e,s,-,e,t,-,d,e,-,f,r,a,i,s,e,s,-,a,-,l,a,-,m,e,n,t,h,e
h,t,t,p,s,:,/,/,w,w,w,.,r,i,c,a,r,d,o,c,u,i,s,i,n,e,.,c,o,m,/,r,e,c,e,t,t,e,s,/,8,4,8,2,-,s,a,m,o,s,a,s,-,d,e,c,o,n,s,t,r,u,i,t,s,-,e,t,-,c,a,r,i,-,d,e,-,p,o,i,s,-,c,h,i,c,h,e,s
h,t,t,p,s,:,/,/,w,w,w,.,r,i,c,a,r,d,o,c,u,i,s,i,n,e,.,c,o,m,/,r,e,c,e,t,t,e,s,/,8,1,3,1,-,g,a,l,e,t,t,e,-,p,e,r,s,e,-,a,u,x,-,h,e,r,b,e,s,-,k,u,k,u,-,s,a,b,z,i
h,t,t,p,s,:,/,/,w,w,w,.,r,i,c,a,r,d,o,c,u,i,s,i,n,e,.,c,o,m,/,r,e,c,e,t,t,e,s,/,8,2,2,4,-,w,r,a,p,s,-,d,e,-,l,a,i,t,u,e,-,a,u,-,v,e,g,e,-,p,a,t,e
h,t,t,p,s,:,/,/,w,w,w,.,r,i,c,a,r,d,o,c,u,i,s,i,n,e,.,c,o,m,/,r,e,c,e,t,t,e,s,/,8,0,8,5,-,t,o,f,u,-,b,r,o,u,i,l,l,e,-,a,-,l,a,-,m,e,x,i,c,a,i,n,e
h,t,t,p,s,:,/,/,w,w,w,.,r,i,c,a,r,d,o,c,u,i,s,i,n,e,.,c,o,m,/,r,e,c,e,t,t,e,s,/,8,3,9,6,-,s,a,n,d,w,i,c,h,s,-,a,u,-,t,e,m,p,e,h,-,b,a,r,b,e,c,u,e,-,e,t,-,s,a,l,a,d,e,-,d,e,-,c,h,o,u
h,t,t,p,s,:,/,/,w,w,w,.,r,i,c,a,r,d,o,c,u,i,s,i,n,e,.,c,o,m,/,r,e,c,e,t,t,e,s,/,8,3,6,0,-,s,a,n,d,w,i,c,h,s,-,d,e,-,t,o,f,u,-,g,r,i,l,l,e
h,t,t,p,s,:,/,/,w,w,w,.,r,i,c,a,r,d,o,c,u,i,s,i,n,e,.,c,o,m,/,r,e,c,e,t,t,e,s,/,8,3,3,3,-,s,o,u,p,e,-,a,u,x,-,l,e,n,t,i,l,l,e,s,-,e,t,-,a,u,-,k,a,l,e,-,a,-,l,-,a,u,t,o,c,u,i,s,e,u,r
h,t,t,p,s,:,/,/,w,w,w,.,r,i,c,a,r,d,o,c,u,i,s,i,n,e,.,c,o,m,/,r,e,c,e,t,t,e,s,/,8,3,2,6,-,q,u,i,n,o,a,-,a,u,x,-,l,e,g,u,m,e,s,-,g,r,i,l,l,e,s,-,e,t,-,a,u,-,t,o,f,u
h,t,t,p,s,:,/,/,w,w,w,.,r,i,c,a,r,d,o,c,u,i,s,i,n,e,.,c,o,m,/,r,e,c,e,t,t,e,s,/,8,2,4,3,-,p,i,z,z,a,-,a,u,x,-,e,p,i,n,a,r,d,s,-,e,t,-,a,-,l,a,-,f,e,t,a
h,t,t,p,s,:,/,/,w,w,w,.,r,i,c,a,r,d,o,c,u,i,s,i,n,e,.,c,o,m,/,r,e,c,e,t,t,e,s,/,7,7,8,9,-,b,o,l,-,d,-,o,r,g,e,-,a,u,x,-,d,a,t,t,e,s,-,e,t,-,a,u,x,-,l,e,g,u,m,e,s,-,r,o,t,i,s
h,t,t,p,s,:,/,/,w,w,w,.,r,i,c,a,r,d,o,c,u,i,s,i,n,e,.,c,o,m,/,r,e,c,e,t,t,e,s,/,8,2,1,2,-,t,a,g,l,i,a,t,e,l,l,e,s,-,a,-,l,a,-,c,r,e,m,e,-,d,e,-,n,o,i,x,-,d,e,-,g,r,e,n,o,b,l,e
h,t,t,p,s,:,/,/,w,w,w,.,r,i,c,a,r,d,o,c,u,i,s,i,n,e,.,c,o,m,/,r,e,c,e,t,t,e,s,/,8,2,7,2,-,r,a,t,a,t,o,u,i,l,l,e,-,a,u,x,-,p,o,m,m,e,s,-,d,e,-,t,e,r,r,e
h,t,t,p,s,:,/,/,w,w,w,.,r,i,c,a,r,d,o,c,u,i,s,i,n,e,.,c,o,m,/,r,e,c,e,t,t,e,s,/,8,2,6,6,-,f,r,i,t,t,a,t,a,-,a,-,l,a,-,p,a,t,a,t,e,-,d,o,u,c,e,-,e,t,-,a,u,-,p,o,i,v,r,o,n
h,t,t,p,s,:,/,/,w,w,w,.,r,i,c,a,r,d,o,c,u,i,s,i,n,e,.,c,o,m,/,r,e,c,e,t,t,e,s,/,8,2,6,5,-,s,a,l,a,d,e,-,t,i,e,d,e,-,d,e,-,l,e,g,u,m,i,n,e,u,s,e,s,-,e,t,-,d,e,-,t,o,f,u,-,p,o,e,l,e
h,t,t,p,s,:,/,/,w,w,w,.,r,i,c,a,r,d,o,c,u,i,s,i,n,e,.,c,o,m,/,r,e,c,e,t,t,e,s,/,8,2,5,5,-,b,a,t,o,n,n,e,t,s,-,d,e,-,t,o,f,u,-,c,r,o,u,s,t,i,l,l,a,n,t,-,s,a,u,c,e,-,m,o,u,t,a,r,d,e,-,m,i,e,l
h,t,t,p,s,:,/,/,w,w,w,.,r,i,c,a,r,d,o,c,u,i,s,i,n,e,.,c,o,m,/,r,e,c,e,t,t,e,s,/,8,2,2,9,-,o,r,e,c,c,h,i,e,t,t,e,s,-,p,r,i,m,a,v,e,r,a
h,t,t,p,s,:,/,/,w,w,w,.,r,i,c,a,r,d,o,c,u,i,s,i,n,e,.,c,o,m,/,r,e,c,e,t,t,e,s,/,8,2,2,7,-,r,a,v,i,o,l,i,s,-,a,-,l,a,-,b,e,t,t,e,-,a,-,c,a,r,d,e,-,e,t,-,a,-,l,a,-,r,i,c,o,t,t,a
h,t,t,p,s,:,/,/,w,w,w,.,r,i,c,a,r,d,o,c,u,i,s,i,n,e,.,c,o,m,/,r,e,c,e,t,t,e,s,/,8,2,2,5,-,p,a,t,e,-,r,u,s,t,i,q,u,e,-,v,e,g,e,-,e,t,-,s,a,n,s,-,g,l,u,t,e,n
h,t,t,p,s,:,/,/,w,w,w,.,r,i,c,a,r,d,o,c,u,i,s,i,n,e,.,c,o,m,/,r,e,c,e,t,t,e,s,/,8,2,0,7,-,g,n,o,c,c,h,i,s,-,a,-,l,a,-,s,a,u,c,e,-,t,o,m,a,t,e,-,t,o,u,t,-,e,n,-,u,n
h,t,t,p,s,:,/,/,w,w,w,.,r,i,c,a,r,d,o,c,u,i,s,i,n,e,.,c,o,m,/,r,e,c,e,t,t,e,s,/,8,1,7,1,-,s,a,l,a,d,e,-,d,e,-,t,o,f,u,-,e,p,i,c,e,-,e,t,-,d,e,-,c,l,e,m,e,n,t,i,n,e,s
h,t,t,p,s,:,/,/,w,w,w,.,r,i,c,a,r,d,o,c,u,i,s,i,n,e,.,c,o,m,/,r,e,c,e,t,t,e,s,/,8,1,1,9,-,u,f,s,-,a,u,-,p,l,a,t,-,e,t,-,l,e,g,u,m,e,s,-,a,u,-,s,e,s,a,m,e,-,g,r,i,l,l,e
h,t,t,p,s,:,/,/,w,w,w,.,r,i,c,a,r,d,o,c,u,i,s,i,n,e,.,c,o,m,/,r,e,c,e,t,t,e,s,/,8,1,1,3,-,t,o,f,u,-,a,u,-,c,o,n,f,i,t,-,d,-,o,i,g,n,o,n,-,e,n,-,a,s,s,i,e,t,t,e,-,m,e,z,z,e
h,t,t,p,s,:,/,/,w,w,w,.,r,i,c,a,r,d,o,c,u,i,s,i,n,e,.,c,o,m,/,r,e,c,e,t,t,e,s,/,8,0,1,0,-,t,o,f,u,-,f,a,c,o,n,-,p,o,u,l,e,t,-,a,u,-,b,e,u,r,r,e
h,t,t,p,s,:,/,/,w,w,w,.,r,i,c,a,r,d,o,c,u,i,s,i,n,e,.,c,o,m,/,r,e,c,e,t,t,e,s,/,8,0,1,1,-,t,o,f,u,-,c,r,o,u,s,t,i,l,l,a,n,t,-,e,t,-,s,a,u,c,e,-,b,a,r,b,e,c,u,e
h,t,t,p,s,:,/,/,w,w,w,.,r,i,c,a,r,d,o,c,u,i,s,i,n,e,.,c,o,m,/,r,e,c,e,t,t,e,s,/,8,0,2,1,-,t,a,j,i,n,e,-,d,e,-,l,e,g,u,m,e,s
h,t,t,p,s,:,/,/,w,w,w,.,r,i,c,a,r,d,o,c,u,i,s,i,n,e,.,c,o,m,/,r,e,c,e,t,t,e,s,/,8,0,4,9,-,t,a,c,o,s,-,v,e,g,e,-,a,u,-,f,r,o,m,a,g,e,-,f,o,n,d,a,n,t
h,t,t,p,s,:,/,/,w,w,w,.,r,i,c,a,r,d,o,c,u,i,s,i,n,e,.,c,o,m,/,r,e,c,e,t,t,e,s,/,7,9,4,9,-,s,a,l,a,d,e,-,f,a,t,t,o,u,c,h,e
h,t,t,p,s,:,/,/,w,w,w,.,r,i,c,a,r,d,o,c,u,i,s,i,n,e,.,c,o,m,/,r,e,c,e,t,t,e,s,/,7,9,3,8,-,s,a,l,a,d,e,-,d,e,-,c,o,u,s,c,o,u,s,-,i,s,r,a,e,l,i,e,n,n,e
h,t,t,p,s,:,/,/,w,w,w,.,r,i,c,a,r,d,o,c,u,i,s,i,n,e,.,c,o,m,/,r,e,c,e,t,t,e,s,/,7,9,1,5,-,b,r,o,c,h,e,t,t,e,s,-,d,e,-,t,o,f,u,-,s,o,u,v,l,a,k,i
h,t,t,p,s,:,/,/,w,w,w,.,r,i,c,a,r,d,o,c,u,i,s,i,n,e,.,c,o,m,/,r,e,c,e,t,t,e,s,/,7,9,1,4,-,s,p,a,g,h,e,t,t,i,s,-,a,u,-,p,e,s,t,o,-,a,u,x,-,a,r,t,i,c,h,a,u,t,s,-,e,t,-,a,u,x,-,t,o,m,a,t,e,s,-,c,e,r,i,s,e,s
h,t,t,p,s,:,/,/,w,w,w,.,r,i,c,a,r,d,o,c,u,i,s,i,n,e,.,c,o,m,/,r,e,c,e,t,t,e,s,/,7,9,1,2,-,s,o,u,p,e,-,r,e,p,a,s,-,a,u,x,-,l,e,g,u,m,e,s,-,e,t,-,a,u,x,-,p,o,i,s,-,c,h,i,c,h,e,s
h,t,t,p,s,:,/,/,w,w,w,.,r,i,c,a,r,d,o,c,u,i,s,i,n,e,.,c,o,m,/,r,e,c,e,t,t,e,s,/,7,8,9,3,-,v,e,g,e,-,b,u,r,g,e,r,-,a,u,x,-,h,a,r,i,c,o,t,s,-,n,o,i,r,s,-,c,h,e,r,m,o,u,l,a,-,e,t,-,c,h,a,m,p,i,g,n,o,n,s
h,t,t,p,s,:,/,/,w,w,w,.,r,i,c,a,r,d,o,c,u,i,s,i,n,e,.,c,o,m,/,r,e,c,e,t,t,e,s,/,7,8,8,4,-,s,a,l,a,d,e,-,c,r,o,q,u,a,n,t,e,-,a,u,-,q,u,i,n,o,a,-,c,h,o,u,-,r,a,d,i,s,-,e,t,-,f,e,t,a
h,t,t,p,s,:,/,/,w,w,w,.,r,i,c,a,r,d,o,c,u,i,s,i,n,e,.,c,o,m,/,r,e,c,e,t,t,e,s,/,7,8,7,2,-,b,e,i,g,n,e,t,s,-,d,e,-,c,o,u,r,g,e,t,t,e,s,-,a,-,l,a,-,m,e,n,t,h,e
h,t,t,p,s,:,/,/,w,w,w,.,r,i,c,a,r,d,o,c,u,i,s,i,n,e,.,c,o,m,/,r,e,c,e,t,t,e,s,/,7,8,3,1,-,r,a,g,o,u,t,-,d,e,-,l,e,n,t,i,l,l,e,s,-,v,e,g,e,t,a,l,i,e,n
h,t,t,p,s,:,/,/,w,w,w,.,r,i,c,a,r,d,o,c,u,i,s,i,n,e,.,c,o,m,/,r,e,c,e,t,t,e,s,/,7,8,0,0,-,r,o,t,i,-,d,e,-,t,r,i,n,i,d,a,d
h,t,t,p,s,:,/,/,w,w,w,.,r,i,c,a,r,d,o,c,u,i,s,i,n,e,.,c,o,m,/,r,e,c,e,t,t,e,s,/,7,6,7,0,-,t,o,f,u,-,m,a,i,s,o,n
h,t,t,p,s,:,/,/,w,w,w,.,r,i,c,a,r,d,o,c,u,i,s,i,n,e,.,c,o,m,/,r,e,c,e,t,t,e,s,/,7,6,4,6,-,b,o,l,-,r,e,p,a,s,-,a,u,-,r,i,z,-,b,r,u,n,-,l,e,n,t,i,l,l,e,s,-,c,a,r,o,t,t,e,s,-,e,t,-,r,a,i,s,i,n,s
h,t,t,p,s,:,/,/,w,w,w,.,r,i,c,a,r,d,o,c,u,i,s,i,n,e,.,c,o,m,/,r,e,c,e,t,t,e,s,/,7,4,0,7,-,s,a,l,a,d,e,-,r,e,p,a,s,-,f,a,t,t,o,u,c,h,e,-,a,u,x,-,l,e,n,t,i,l,l,e,s
h,t,t,p,s,:,/,/,w,w,w,.,r,i,c,a,r,d,o,c,u,i,s,i,n,e,.,c,o,m,/,r,e,c,e,t,t,e,s,/,7,5,7,4,-,t,e,m,p,e,h,-,g,r,i,l,l,e,-,e,t,-,s,a,l,a,d,e,-,d,e,-,c,a,r,o,t,t,e,s,-,a,u,-,l,a,i,t,-,d,e,-,c,o,c,o
h,t,t,p,s,:,/,/,w,w,w,.,r,i,c,a,r,d,o,c,u,i,s,i,n,e,.,c,o,m,/,r,e,c,e,t,t,e,s,/,7,5,6,7,-,v,e,g,e,-,b,u,r,g,e,r,-,a,u,-,f,r,o,m,a,g,e,-,g,r,i,l,l,e
h,t,t,p,s,:,/,/,w,w,w,.,r,i,c,a,r,d,o,c,u,i,s,i,n,e,.,c,o,m,/,r,e,c,e,t,t,e,s,/,7,5,6,2,-,b,o,u,l,e,t,t,e,s,-,d,e,-,t,o,f,u
h,t,t,p,s,:,/,/,w,w,w,.,r,i,c,a,r,d,o,c,u,i,s,i,n,e,.,c,o,m,/,r,e,c,e,t,t,e,s,/,7,5,6,1,-,b,o,l,-,d,e,-,q,u,i,n,o,a,-,l,e,g,u,m,e,s,-,m,a,r,i,n,e,s,-,e,t,-,e,d,a,m,a,m,e,s
h,t,t,p,s,:,/,/,w,w,w,.,r,i,c,a,r,d,o,c,u,i,s,i,n,e,.,c,o,m,/,r,e,c,e,t,t,e,s,/,7,5,1,3,-,t,o,f,u,-,c,a,r,a,m,e,l,i,s,e,-,a,u,x,-,g,r,a,i,n,e,s,-,d,e,-,c,i,t,r,o,u,i,l,l,e
h,t,t,p,s,:,/,/,w,w,w,.,r,i,c,a,r,d,o,c,u,i,s,i,n,e,.,c,o,m,/,r,e,c,e,t,t,e,s,/,7,4,3,2,-,t,o,f,u,-,a,u,-,m,i,s,o,-,e,t,-,a,-,l,a,-,t,o,m,a,t,e
h,t,t,p,s,:,/,/,w,w,w,.,r,i,c,a,r,d,o,c,u,i,s,i,n,e,.,c,o,m,/,r,e,c,e,t,t,e,s,/,7,4,3,0,-,c,a,n,n,e,l,l,o,n,i,s,-,r,i,c,o,t,t,a,-,e,p,i,n,a,r,d,s,-,s,a,u,c,e,-,r,o,s,e,e
h,t,t,p,s,:,/,/,w,w,w,.,r,i,c,a,r,d,o,c,u,i,s,i,n,e,.,c,o,m,/,r,e,c,e,t,t,e,s,/,7,4,0,2,-,t,o,u,r,t,e,-,v,e,g,e,-,a,u,-,q,u,i,n,o,a,-,e,t,-,a,-,l,a,-,p,a,t,a,t,e,-,d,o,u,c,e
h,t,t,p,s,:,/,/,w,w,w,.,r,i,c,a,r,d,o,c,u,i,s,i,n,e,.,c,o,m,/,r,e,c,e,t,t,e,s,/,7,4,0,0,-,p,i,t,a,-,a,u,x,-,p,o,i,s,-,c,h,i,c,h,e,s,-,t,a,o,u,k
h,t,t,p,s,:,/,/,w,w,w,.,r,i,c,a,r,d,o,c,u,i,s,i,n,e,.,c,o,m,/,r,e,c,e,t,t,e,s,/,7,3,9,3,-,s,a,l,a,d,e,-,d,e,-,r,i,z,-,s,a,u,v,a,g,e,-,p,o,m,m,e,s,-,f,e,n,o,u,i,l
h,t,t,p,s,:,/,/,w,w,w,.,r,i,c,a,r,d,o,c,u,i,s,i,n,e,.,c,o,m,/,r,e,c,e,t,t,e,s,/,7,3,9,2,-,s,a,u,t,e,-,d,e,-,t,o,f,u,-,e,t,-,d,e,-,l,e,g,u,m,e,s,-,s,u,r,-,h,o,u,m,o,u,s,-,a,u,-,y,o,g,o,u,r,t
h,t,t,p,s,:,/,/,w,w,w,.,r,i,c,a,r,d,o,c,u,i,s,i,n,e,.,c,o,m,/,r,e,c,e,t,t,e,s,/,7,3,8,6,-,t,o,f,u,-,l,e,g,u,m,e,s,-,r,o,t,i,s,-,e,t,-,v,i,n,a,i,g,r,e,t,t,e,-,a,-,l,a,-,c,o,r,i,a,n,d,r,e
h,t,t,p,s,:,/,/,w,w,w,.,r,i,c,a,r,d,o,c,u,i,s,i,n,e,.,c,o,m,/,r,e,c,e,t,t,e,s,/,7,3,2,5,-,a,s,p,e,r,g,e,s,-,g,r,i,l,l,e,e,s,-,h,o,u,m,o,u,s,-,d,e,-,b,e,t,t,e,r,a,v,e,s,-,e,t,-,p,o,i,s,-,c,h,i,c,h,e,s,-,a,u,-,c,a,r,i
h,t,t,p,s,:,/,/,w,w,w,.,r,i,c,a,r,d,o,c,u,i,s,i,n,e,.,c,o,m,/,r,e,c,e,t,t,e,s,/,7,3,0,5,-,p,o,i,s,-,c,h,i,c,h,e,s,-,r,o,t,i,s,-,b,l,e,-,m,o,u,-,e,t,-,l,e,g,u,m,e,s,-,m,a,r,i,n,e,s
h,t,t,p,s,:,/,/,w,w,w,.,r,i,c,a,r,d,o,c,u,i,s,i,n,e,.,c,o,m,/,r,e,c,e,t,t,e,s,/,7,2,8,5,-,g,a,l,e,t,t,e,s,-,d,e,-,t,o,f,u,-,d,e,-,p,e,t,i,t,s,-,p,o,i,s,-,e,t,-,d,e,-,h,a,r,i,c,o,t,s,-,b,l,a,n,c,s
h,t,t,p,s,:,/,/,w,w,w,.,r,i,c,a,r,d,o,c,u,i,s,i,n,e,.,c,o,m,/,r,e,c,e,t,t,e,s,/,7,2,8,2,-,s,a,l,a,d,e,-,d,-,a,s,p,e,r,g,e,s,-,e,t,-,d,e,-,p,o,i,s,-,c,h,i,c,h,e,s,-,a,v,e,c,-,f,r,o,m,a,g,e,-,h,a,l,l,o,u,m,i,-,g,r,i,l,l,e
h,t,t,p,s,:,/,/,w,w,w,.,r,i,c,a,r,d,o,c,u,i,s,i,n,e,.,c,o,m,/,r,e,c,e,t,t,e,s,/,7,1,7,7,-,s,o,u,p,e,-,a,-,l,-,o,r,g,e,-,e,t,-,a,u,x,-,l,e,g,u,m,i,n,e,u,s,e,s
h,t,t,p,s,:,/,/,w,w,w,.,r,i,c,a,r,d,o,c,u,i,s,i,n,e,.,c,o,m,/,r,e,c,e,t,t,e,s,/,7,1,1,1,-,g,r,i,l,l,a,d,e,s,-,d,e,-,p,o,l,e,n,t,a,-,d,e,-,c,h,a,m,p,i,g,n,o,n,s,-,e,t,-,d,e,-,p,o,i,v,r,o,n,s,-,e,t,-,v,i,n,a,i,g,r,e,t,t,e,-,a,-,l,-,e,c,h,a,l,o,t,e,-,r,o,t,i,e
h,t,t,p,s,:,/,/,w,w,w,.,r,i,c,a,r,d,o,c,u,i,s,i,n,e,.,c,o,m,/,r,e,c,e,t,t,e,s,/,7,0,9,3,-,b,r,o,c,h,e,t,t,e,s,-,d,e,-,c,h,a,m,p,i,g,n,o,n,s,-,e,t,-,t,o,m,a,t,e,s
h,t,t,p,s,:,/,/,w,w,w,.,r,i,c,a,r,d,o,c,u,i,s,i,n,e,.,c,o,m,/,r,e,c,e,t,t,e,s,/,7,0,8,4,-,p,a,t,e,s,-,a,u,-,p,e,s,t,o,-,d,e,-,p,e,t,i,t,s,-,p,o,i,s,-,e,p,i,n,a,r,d,s,-,e,t,-,c,i,t,r,o,n
h,t,t,p,s,:,/,/,w,w,w,.,r,i,c,a,r,d,o,c,u,i,s,i,n,e,.,c,o,m,/,r,e,c,e,t,t,e,s,/,7,0,4,9,-,s,a,u,c,e,-,a,-,s,p,a,g,h,e,t,t,i,-,a,u,x,-,l,e,n,t,i,l,l,e,s,-,e,t,-,a,u,x,-,c,h,a,m,p,i,g,n,o,n,s
h,t,t,p,s,:,/,/,w,w,w,.,r,i,c,a,r,d,o,c,u,i,s,i,n,e,.,c,o,m,/,r,e,c,e,t,t,e,s,/,7,0,2,5,-,c,o,u,r,g,e,t,t,e,s,-,e,t,-,t,o,f,u,-,a,l,l,a,-,p,a,r,m,i,g,i,a,n,a
h,t,t,p,s,:,/,/,w,w,w,.,r,i,c,a,r,d,o,c,u,i,s,i,n,e,.,c,o,m,/,r,e,c,e,t,t,e,s,/,6,9,9,8,-,r,o,u,l,e,a,u,x,-,c,r,o,u,s,t,i,l,l,a,n,t,s,-,a,u,-,t,o,f,u
h,t,t,p,s,:,/,/,w,w,w,.,r,i,c,a,r,d,o,c,u,i,s,i,n,e,.,c,o,m,/,r,e,c,e,t,t,e,s,/,6,9,8,2,-,c,h,i,l,i,-,a,u,-,t,o,f,u,-,e,t,-,s,a,l,a,d,e,-,d,-,a,v,o,c,a,t
h,t,t,p,s,:,/,/,w,w,w,.,r,i,c,a,r,d,o,c,u,i,s,i,n,e,.,c,o,m,/,r,e,c,e,t,t,e,s,/,6,9,4,4,-,c,a,r,i,-,d,e,-,l,e,n,t,i,l,l,e,s,-,e,t,-,d,e,-,c,o,u,r,g,e
h,t,t,p,s,:,/,/,w,w,w,.,r,i,c,a,r,d,o,c,u,i,s,i,n,e,.,c,o,m,/,r,e,c,e,t,t,e,s,/,6,9,3,9,-,s,o,u,p,e,-,r,a,g,o,u,t,-,a,u,x,-,p,a,t,e,s,-,e,t,-,a,u,x,-,p,o,i,s,-,c,h,i,c,h,e,s
h,t,t,p,s,:,/,/,w,w,w,.,r,i,c,a,r,d,o,c,u,i,s,i,n,e,.,c,o,m,/,r,e,c,e,t,t,e,s,/,6,8,9,8,-,p,l,a,t,e,a,u,-,d,e,-,l,e,g,u,m,e,s,-,e,t,-,a,i,o,l,i
h,t,t,p,s,:,/,/,w,w,w,.,r,i,c,a,r,d,o,c,u,i,s,i,n,e,.,c,o,m,/,r,e,c,e,t,t,e,s,/,6,8,9,6,-,l,a,s,a,g,n,e,-,c,r,e,m,e,u,s,e,-,a,u,x,-,l,e,g,u,m,e,s,-,r,o,t,i,s
h,t,t,p,s,:,/,/,w,w,w,.,r,i,c,a,r,d,o,c,u,i,s,i,n,e,.,c,o,m,/,r,e,c,e,t,t,e,s,/,6,8,9,3,-,g,a,l,e,t,t,e,s,-,d,e,-,s,a,r,r,a,s,i,n,-,p,e,s,t,o,-,d,e,-,p,e,r,s,i,l,-,e,t,-,s,a,l,a,d,e,-,d,e,-,c,h,o,u,-,f,l,e,u,r,-,r,o,t,i
h,t,t,p,s,:,/,/,w,w,w,.,r,i,c,a,r,d,o,c,u,i,s,i,n,e,.,c,o,m,/,r,e,c,e,t,t,e,s,/,6,8,8,9,-,c,o,u,r,g,e,s,-,f,a,r,c,i,e,s,-,a,u,-,t,o,f,u,-,a,-,l,a,-,r,i,c,o,t,t,a,-,e,t,-,a,u,x,-,e,p,i,n,a,r,d,s
h,t,t,p,s,:,/,/,w,w,w,.,r,i,c,a,r,d,o,c,u,i,s,i,n,e,.,c,o,m,/,r,e,c,e,t,t,e,s,/,6,8,8,5,-,f,a,l,a,f,e,l,s
h,t,t,p,s,:,/,/,w,w,w,.,r,i,c,a,r,d,o,c,u,i,s,i,n,e,.,c,o,m,/,r,e,c,e,t,t,e,s,/,6,8,8,4,-,r,a,g,o,u,t,-,d,e,-,b,l,e,-,a,u,x,-,c,h,a,m,p,i,g,n,o,n,s,-,a,u,x,-,l,e,g,u,m,e,s,-,r,o,t,i,s,-,e,t,-,a,u,x,-,n,o,i,s,e,t,t,e,s,-,g,r,i,l,l,e,e,s
h,t,t,p,s,:,/,/,w,w,w,.,r,i,c,a,r,d,o,c,u,i,s,i,n,e,.,c,o,m,/,r,e,c,e,t,t,e,s,/,6,8,8,2,-,s,a,n,d,w,i,c,h,-,d,e,l,i,-,a,-,l,a,-,b,e,t,t,e,r,a,v,e,-,e,t,-,a,u,-,t,o,f,u
h,t,t,p,s,:,/,/,w,w,w,.,r,i,c,a,r,d,o,c,u,i,s,i,n,e,.,c,o,m,/,r,e,c,e,t,t,e,s,/,6,8,6,7,-,h,o,t,-,d,o,g,s,-,v,e,g,e,s
h,t,t,p,s,:,/,/,w,w,w,.,r,i,c,a,r,d,o,c,u,i,s,i,n,e,.,c,o,m,/,r,e,c,e,t,t,e,s,/,6,8,6,5,-,l,e,g,u,m,e,s,-,f,a,r,c,i,s,-,a,u,-,p,a,r,m,e,s,a,n
h,t,t,p,s,:,/,/,w,w,w,.,r,i,c,a,r,d,o,c,u,i,s,i,n,e,.,c,o,m,/,r,e,c,e,t,t,e,s,/,6,8,5,0,-,v,e,g,e,-,b,u,r,g,e,r,-,a,u,-,q,u,i,n,o,a
h,t,t,p,s,:,/,/,w,w,w,.,r,i,c,a,r,d,o,c,u,i,s,i,n,e,.,c,o,m,/,r,e,c,e,t,t,e,s,/,6,8,2,4,-,s,a,l,a,d,e,-,a,u,x,-,p,a,t,a,t,e,s,-,d,o,u,c,e,s,-,a,u,x,-,f,e,v,e,s,-,d,e,-,l,i,m,a,-,a,u,-,k,a,l,e,-,e,t,-,a,u,x,-,t,o,m,a,t,e,s
h,t,t,p,s,:,/,/,w,w,w,.,r,i,c,a,r,d,o,c,u,i,s,i,n,e,.,c,o,m,/,r,e,c,e,t,t,e,s,/,6,8,0,6,-,g,r,i,l,l,e,d,-,c,h,e,e,s,e,-,a,u,-,k,a,l,e
h,t,t,p,s,:,/,/,w,w,w,.,r,i,c,a,r,d,o,c,u,i,s,i,n,e,.,c,o,m,/,r,e,c,e,t,t,e,s,/,6,6,6,5,-,t,r,a,n,c,h,e,-,d,e,-,m,e,l,o,n,-,d,-,e,a,u,-,t,o,m,a,t,e,s,-,b,a,s,i,l,i,c,-,e,t,-,f,e,t,a
h,t,t,p,s,:,/,/,w,w,w,.,r,i,c,a,r,d,o,c,u,i,s,i,n,e,.,c,o,m,/,r,e,c,e,t,t,e,s,/,6,6,6,2,-,p,a,p,p,a,r,d,e,l,l,e,s,-,a,-,l,a,-,c,o,u,r,g,e,-,e,t,-,a,u,x,-,t,o,m,a,t,e,s,-,r,o,t,i,e,s
h,t,t,p,s,:,/,/,w,w,w,.,r,i,c,a,r,d,o,c,u,i,s,i,n,e,.,c,o,m,/,r,e,c,e,t,t,e,s,/,6,6,4,6,-,s,o,u,p,e,-,a,-,l,-,o,r,g,e,-,e,t,-,a,u,x,-,l,e,g,u,m,i,n,e,u,s,e,s,-,a,-,l,-,a,u,t,o,c,u,i,s,e,u,r,-,d,e,-,r,a,z,a,k,-,a,s,h,-,e,-,j,o,w
h,t,t,p,s,:,/,/,w,w,w,.,r,i,c,a,r,d,o,c,u,i,s,i,n,e,.,c,o,m,/,r,e,c,e,t,t,e,s,/,6,6,1,7,-,c,a,r,i,-,d,-,a,u,b,e,r,g,i,n,e,-,d,e,-,t,o,f,u,-,e,t,-,d,e,-,p,o,i,s,-,c,h,i,c,h,e,s
h,t,t,p,s,:,/,/,w,w,w,.,r,i,c,a,r,d,o,c,u,i,s,i,n,e,.,c,o,m,/,r,e,c,e,t,t,e,s,/,6,6,0,4,-,c,o,u,r,g,e,-,f,a,r,c,i,e,-,a,u,-,q,u,i,n,o,a,-,e,t,-,a,u,-,c,h,e,d,d,a,r,-,d,-,i,c,i
h,t,t,p,s,:,/,/,w,w,w,.,r,i,c,a,r,d,o,c,u,i,s,i,n,e,.,c,o,m,/,r,e,c,e,t,t,e,s,/,6,5,7,8,-,b,o,u,c,h,e,e,s,-,d,e,-,n,a,c,h,o,s,-,t,o,u,t,e,s,-,g,a,r,n,i,e,s
h,t,t,p,s,:,/,/,w,w,w,.,r,i,c,a,r,d,o,c,u,i,s,i,n,e,.,c,o,m,/,r,e,c,e,t,t,e,s,/,6,5,3,1,-,s,o,u,p,e,-,a,u,-,t,o,f,u,-,e,t,-,a,u,-,k,a,l,e
h,t,t,p,s,:,/,/,w,w,w,.,r,i,c,a,r,d,o,c,u,i,s,i,n,e,.,c,o,m,/,r,e,c,e,t,t,e,s,/,6,5,1,9,-,s,p,a,g,h,e,t,t,i,s,-,a,u,x,-,m,i,l,l,e,-,h,e,r,b,e,s
h,t,t,p,s,:,/,/,w,w,w,.,r,i,c,a,r,d,o,c,u,i,s,i,n,e,.,c,o,m,/,r,e,c,e,t,t,e,s,/,6,4,9,9,-,o,m,e,l,e,t,t,e,-,a,u,x,-,p,o,i,r,e,a,u,x,-,e,t,-,a,u,-,c,h,e,v,r,e
h,t,t,p,s,:,/,/,w,w,w,.,r,i,c,a,r,d,o,c,u,i,s,i,n,e,.,c,o,m,/,r,e,c,e,t,t,e,s,/,6,4,7,9,-,p,o,i,r,e,a,u,x,-,g,r,i,l,l,e,s,-,v,i,n,a,i,g,r,e,t,t,e,-,b,u,r,r,a,t,a,-,e,t,-,t,o,m,a,t,e,s,-,s,e,c,h,e,e,s
h,t,t,p,s,:,/,/,w,w,w,.,r,i,c,a,r,d,o,c,u,i,s,i,n,e,.,c,o,m,/,r,e,c,e,t,t,e,s,/,6,4,6,1,-,f,e,v,e,s,-,d,e,-,s,o,y,a,-,p,o,u,r,-,l,-,a,p,e,r,o
h,t,t,p,s,:,/,/,w,w,w,.,r,i,c,a,r,d,o,c,u,i,s,i,n,e,.,c,o,m,/,r,e,c,e,t,t,e,s,/,6,4,6,0,-,s,a,l,a,d,e,-,d,-,e,d,a,m,a,m,e,-,a,u,x,-,p,o,i,v,r,o,n,s,-,g,r,i,l,l,e,s,-,e,t,-,a,u,x,-,b,o,c,c,o,n,c,i,n,i,s
h,t,t,p,s,:,/,/,w,w,w,.,r,i,c,a,r,d,o,c,u,i,s,i,n,e,.,c,o,m,/,r,e,c,e,t,t,e,s,/,6,4,4,6,-,p,a,t,a,t,e,s,-,d,o,u,c,e,s,-,f,a,r,c,i,e,s,-,a,u,-,c,h,e,d,d,a,r
h,t,t,p,s,:,/,/,w,w,w,.,r,i,c,a,r,d,o,c,u,i,s,i,n,e,.,c,o,m,/,r,e,c,e,t,t,e,s,/,6,4,4,0,-,s,a,u,t,e,-,d,e,-,t,o,f,u,-,a,u,-,c,a,r,i
h,t,t,p,s,:,/,/,w,w,w,.,r,i,c,a,r,d,o,c,u,i,s,i,n,e,.,c,o,m,/,r,e,c,e,t,t,e,s,/,6,4,3,4,-,p,i,t,a,-,f,e,t,a,-,e,t,-,c,o,n,c,o,m,b,r,e
h,t,t,p,s,:,/,/,w,w,w,.,r,i,c,a,r,d,o,c,u,i,s,i,n,e,.,c,o,m,/,r,e,c,e,t,t,e,s,/,6,4,2,7,-,n,e,m,s,-,a,u,-,t,o,f,u
h,t,t,p,s,:,/,/,w,w,w,.,r,i,c,a,r,d,o,c,u,i,s,i,n,e,.,c,o,m,/,r,e,c,e,t,t,e,s,/,6,4,1,9,-,s,a,l,a,d,e,-,d,e,-,p,a,t,e,s,-,d,-,a,s,p,e,r,g,e,s,-,e,t,-,d,e,-,b,o,c,c,o,n,c,i,n,i,s
h,t,t,p,s,:,/,/,w,w,w,.,r,i,c,a,r,d,o,c,u,i,s,i,n,e,.,c,o,m,/,r,e,c,e,t,t,e,s,/,6,4,0,2,-,p,o,i,s,-,c,h,i,c,h,e,s,-,r,o,t,i,s,-,a,u,x,-,o,i,g,n,o,n,s,-,v,e,r,t,s
h,t,t,p,s,:,/,/,w,w,w,.,r,i,c,a,r,d,o,c,u,i,s,i,n,e,.,c,o,m,/,r,e,c,e,t,t,e,s,/,6,3,6,5,-,c,h,o,u,-,f,a,r,c,i,-,a,u,x,-,t,r,o,i,s,-,f,r,o,m,a,g,e,s
h,t,t,p,s,:,/,/,w,w,w,.,r,i,c,a,r,d,o,c,u,i,s,i,n,e,.,c,o,m,/,r,e,c,e,t,t,e,s,/,6,3,0,6,-,t,a,r,t,i,n,a,d,e,-,d,e,-,p,o,i,v,r,o,n,s,-,r,o,u,g,e,s
h,t,t,p,s,:,/,/,w,w,w,.,r,i,c,a,r,d,o,c,u,i,s,i,n,e,.,c,o,m,/,r,e,c,e,t,t,e,s,/,6,2,8,8,-,c,a,r,p,a,c,c,i,o,-,d,e,-,b,e,t,t,e,r,a,v,e,s,-,a,u,x,-,r,a,i,s,i,n,s,-,e,t,-,a,u,x,-,n,o,i,x,-,r,o,u,g,e,s
h,t,t,p,s,:,/,/,w,w,w,.,r,i,c,a,r,d,o,c,u,i,s,i,n,e,.,c,o,m,/,r,e,c,e,t,t,e,s,/,6,2,7,8,-,c,o,u,s,c,o,u,s,-,d,e,-,c,h,o,u,-,f,l,e,u,r
h,t,t,p,s,:,/,/,w,w,w,.,r,i,c,a,r,d,o,c,u,i,s,i,n,e,.,c,o,m,/,r,e,c,e,t,t,e,s,/,6,2,6,2,-,t,a,r,t,e,-,s,a,l,e,e,-,a,u,x,-,t,o,m,a,t,e,s,-,c,e,r,i,s,e,s
h,t,t,p,s,:,/,/,w,w,w,.,r,i,c,a,r,d,o,c,u,i,s,i,n,e,.,c,o,m,/,r,e,c,e,t,t,e,s,/,6,2,5,0,-,f,e,u,i,l,l,e,t,e,-,d,e,-,c,o,u,r,g,e,-,a,u,-,f,r,o,m,a,g,e,-,d,e,-,c,h,e,v,r,e
h,t,t,p,s,:,/,/,w,w,w,.,r,i,c,a,r,d,o,c,u,i,s,i,n,e,.,c,o,m,/,r,e,c,e,t,t,e,s,/,6,2,4,5,-,p,a,n,z,a,n,e,l,l,a,-,a,u,-,p,a,i,n,-,d,e,-,m,a,i,s
h,t,t,p,s,:,/,/,w,w,w,.,r,i,c,a,r,d,o,c,u,i,s,i,n,e,.,c,o,m,/,r,e,c,e,t,t,e,s,/,6,2,3,5,-,a,u,b,e,r,g,i,n,e,s,-,a,l,l,a,-,p,a,r,m,i,g,i,a,n,a
h,t,t,p,s,:,/,/,w,w,w,.,r,i,c,a,r,d,o,c,u,i,s,i,n,e,.,c,o,m,/,r,e,c,e,t,t,e,s,/,6,1,8,6,-,s,a,l,s,a,-,d,e,-,c,a,n,t,a,l,o,u,p
h,t,t,p,s,:,/,/,w,w,w,.,r,i,c,a,r,d,o,c,u,i,s,i,n,e,.,c,o,m,/,r,e,c,e,t,t,e,s,/,6,1,6,9,-,s,a,l,a,d,e,-,d,e,-,h,a,r,i,c,o,t,s,-,b,l,a,n,c,s
h,t,t,p,s,:,/,/,w,w,w,.,r,i,c,a,r,d,o,c,u,i,s,i,n,e,.,c,o,m,/,r,e,c,e,t,t,e,s,/,6,1,5,9,-,b,u,r,g,e,r,-,d,-,a,v,o,i,n,e,-,d,e,-,m,a,r,i,e,-,j,o,a,n,n,e,-,b,o,u,c,h,e,r
h,t,t,p,s,:,/,/,w,w,w,.,r,i,c,a,r,d,o,c,u,i,s,i,n,e,.,c,o,m,/,r,e,c,e,t,t,e,s,/,6,1,5,8,-,a,u,b,e,r,g,i,n,e,s,-,e,t,-,t,o,f,u,-,a,i,g,r,e,-,d,o,u,x
h,t,t,p,s,:,/,/,w,w,w,.,r,i,c,a,r,d,o,c,u,i,s,i,n,e,.,c,o,m,/,r,e,c,e,t,t,e,s,/,6,1,5,0,-,s,a,l,a,d,e,-,d,e,-,c,o,u,s,c,o,u,s,-,a,u,x,-,l,e,g,u,m,e,s,-,e,t,-,a,u,x,-,p,o,i,s,-,c,h,i,c,h,e,s
h,t,t,p,s,:,/,/,w,w,w,.,r,i,c,a,r,d,o,c,u,i,s,i,n,e,.,c,o,m,/,r,e,c,e,t,t,e,s,/,6,1,0,5,-,b,u,r,g,e,r,s,-,a,u,-,t,o,f,u,-,p,a,n,e
h,t,t,p,s,:,/,/,w,w,w,.,r,i,c,a,r,d,o,c,u,i,s,i,n,e,.,c,o,m,/,r,e,c,e,t,t,e,s,/,6,0,9,2,-,s,u,s,h,i,s,-,v,e,g,e,t,a,r,i,e,n,s,-,a,u,-,t,o,f,u,-,a,u,-,g,i,n,g,e,m,b,r,e,-,e,t,-,a,u,-,f,r,o,m,a,g,e,-,g,r,i,l,l,e
h,t,t,p,s,:,/,/,w,w,w,.,r,i,c,a,r,d,o,c,u,i,s,i,n,e,.,c,o,m,/,r,e,c,e,t,t,e,s,/,6,0,7,9,-,o,m,e,l,e,t,t,e,-,a,u,x,-,c,o,u,r,g,e,t,t,e,s,-,a,u,x,-,p,e,t,i,t,s,-,p,o,i,s,-,e,t,-,a,-,l,a,-,f,e,t,a
h,t,t,p,s,:,/,/,w,w,w,.,r,i,c,a,r,d,o,c,u,i,s,i,n,e,.,c,o,m,/,r,e,c,e,t,t,e,s,/,6,0,4,2,-,s,a,l,a,d,e,-,d,e,-,n,o,u,i,l,l,e,s,-,s,o,b,a,-,d,-,e,d,a,m,a,m,e,s,-,d,e,-,p,o,i,v,r,o,n,s,-,r,o,u,g,e,s,-,e,t,-,d,e,-,f,e,v,e,s,-,g,e,r,m,e,e,s
h,t,t,p,s,:,/,/,w,w,w,.,r,i,c,a,r,d,o,c,u,i,s,i,n,e,.,c,o,m,/,r,e,c,e,t,t,e,s,/,5,9,9,1,-,b,o,u,c,h,e,e,s,-,a,u,-,t,o,f,u,-,e,t,-,a,u,-,c,o,n,c,o,m,b,r,e
h,t,t,p,s,:,/,/,w,w,w,.,r,i,c,a,r,d,o,c,u,i,s,i,n,e,.,c,o,m,/,r,e,c,e,t,t,e,s,/,5,9,4,2,-,t,a,r,t,i,n,a,d,e,-,d,e,-,t,o,f,u
h,t,t,p,s,:,/,/,w,w,w,.,r,i,c,a,r,d,o,c,u,i,s,i,n,e,.,c,o,m,/,r,e,c,e,t,t,e,s,/,5,9,0,1,-,f,o,c,a,c,c,i,a,-,a,u,x,-,t,o,m,a,t,e,s,-,c,e,r,i,s,e,s
h,t,t,p,s,:,/,/,w,w,w,.,r,i,c,a,r,d,o,c,u,i,s,i,n,e,.,c,o,m,/,r,e,c,e,t,t,e,s,/,5,8,6,6,-,f,e,t,t,u,c,c,i,n,e,s,-,a,u,x,-,p,e,t,i,t,s,-,p,o,i,s,-,a,u,x,-,c,o,u,r,g,e,t,t,e,s,-,e,t,-,a,u,-,f,r,o,m,a,g,e,-,d,e,-,c,h,e,v,r,e
h,t,t,p,s,:,/,/,w,w,w,.,r,i,c,a,r,d,o,c,u,i,s,i,n,e,.,c,o,m,/,r,e,c,e,t,t,e,s,/,5,8,4,8,-,s,a,l,a,d,e,-,d,e,-,p,o,i,s,-,c,h,i,c,h,e,s
h,t,t,p,s,:,/,/,w,w,w,.,r,i,c,a,r,d,o,c,u,i,s,i,n,e,.,c,o,m,/,r,e,c,e,t,t,e,s,/,5,7,9,5,-,t,o,f,u,-,a,u,-,c,a,r,i
h,t,t,p,s,:,/,/,w,w,w,.,r,i,c,a,r,d,o,c,u,i,s,i,n,e,.,c,o,m,/,r,e,c,e,t,t,e,s,/,5,7,7,8,-,f,e,u,i,l,l,e,t,e,s,-,a,u,x,-,p,o,i,v,r,o,n,s,-,e,t,-,a,u,x,-,a,s,p,e,r,g,e,s
h,t,t,p,s,:,/,/,w,w,w,.,r,i,c,a,r,d,o,c,u,i,s,i,n,e,.,c,o,m,/,r,e,c,e,t,t,e,s,/,5,7,2,3,-,q,u,i,c,h,e,-,a,-,l,a,-,c,o,u,r,g,e
h,t,t,p,s,:,/,/,w,w,w,.,r,i,c,a,r,d,o,c,u,i,s,i,n,e,.,c,o,m,/,r,e,c,e,t,t,e,s,/,5,6,8,4,-,d,a,h,l
h,t,t,p,s,:,/,/,w,w,w,.,r,i,c,a,r,d,o,c,u,i,s,i,n,e,.,c,o,m,/,r,e,c,e,t,t,e,s,/,5,6,7,5,-,t,o,f,u,-,g,e,n,e,r,a,l,-,t,a,o
h,t,t,p,s,:,/,/,w,w,w,.,r,i,c,a,r,d,o,c,u,i,s,i,n,e,.,c,o,m,/,r,e,c,e,t,t,e,s,/,5,6,6,6,-,c,h,i,l,i,-,v,e,g,e,-,a,u,x,-,h,a,r,i,c,o,t,s,-,n,o,i,r,s
h,t,t,p,s,:,/,/,w,w,w,.,r,i,c,a,r,d,o,c,u,i,s,i,n,e,.,c,o,m,/,r,e,c,e,t,t,e,s,/,5,6,0,1,-,s,a,u,t,e,-,d,e,-,t,o,f,u,-,a,u,x,-,n,o,i,x,-,d,e,-,c,a,j,o,u
h,t,t,p,s,:,/,/,w,w,w,.,r,i,c,a,r,d,o,c,u,i,s,i,n,e,.,c,o,m,/,r,e,c,e,t,t,e,s,/,5,5,8,4,-,t,r,e,m,p,e,t,t,e,-,m,e,d,i,t,e,r,r,a,n,e,e,n,n,e
h,t,t,p,s,:,/,/,w,w,w,.,r,i,c,a,r,d,o,c,u,i,s,i,n,e,.,c,o,m,/,r,e,c,e,t,t,e,s,/,5,5,7,8,-,s,a,l,a,d,e,-,c,r,e,m,e,u,s,e,-,a,u,-,c,e,l,e,r,i
h,t,t,p,s,:,/,/,w,w,w,.,r,i,c,a,r,d,o,c,u,i,s,i,n,e,.,c,o,m,/,r,e,c,e,t,t,e,s,/,5,5,7,1,-,-,i,-,f,a,g,i,o,l,i,-,b,i,a,n,c,h,i,-,a,l,l,a,-,s,a,l,v,i,a,-,i,-,-,h,a,r,i,c,o,t,s,-,b,l,a,n,c,s,-,a,-,l,a,-,s,a,u,g,e,-
h,t,t,p,s,:,/,/,w,w,w,.,r,i,c,a,r,d,o,c,u,i,s,i,n,e,.,c,o,m,/,r,e,c,e,t,t,e,s,/,5,5,6,1,-,c,o,u,s,c,o,u,s,-,d,e,-,l,e,g,u,m,e,s,-,e,t,-,p,o,i,s,-,c,h,i,c,h,e,s,-,a,-,l,a,-,m,i,j,o,t,e,u,s,e
h,t,t,p,s,:,/,/,w,w,w,.,r,i,c,a,r,d,o,c,u,i,s,i,n,e,.,c,o,m,/,r,e,c,e,t,t,e,s,/,5,5,3,2,-,t,o,s,t,a,d,a,s,-,v,e,g,e,t,a,r,i,e,n,n,e,s
h,t,t,p,s,:,/,/,w,w,w,.,r,i,c,a,r,d,o,c,u,i,s,i,n,e,.,c,o,m,/,r,e,c,e,t,t,e,s,/,5,5,0,9,-,c,h,e,e,s,e,b,u,r,g,e,r,s,-,a,u,-,t,o,f,u
h,t,t,p,s,:,/,/,w,w,w,.,r,i,c,a,r,d,o,c,u,i,s,i,n,e,.,c,o,m,/,r,e,c,e,t,t,e,s,/,5,4,4,4,-,c,o,u,s,c,o,u,s,-,r,e,p,a,s
h,t,t,p,s,:,/,/,w,w,w,.,r,i,c,a,r,d,o,c,u,i,s,i,n,e,.,c,o,m,/,r,e,c,e,t,t,e,s,/,5,3,9,6,-,t,a,c,o,s,-,v,e,g,e,t,a,r,i,e,n,s
h,t,t,p,s,:,/,/,w,w,w,.,r,i,c,a,r,d,o,c,u,i,s,i,n,e,.,c,o,m,/,r,e,c,e,t,t,e,s,/,5,3,2,9,-,s,a,l,a,d,e,-,d,e,-,l,e,g,u,m,i,n,e,u,s,e,s,-,p,o,m,m,e,s,-,e,t,-,c,a,n,n,e,b,e,r,g,e,s
h,t,t,p,s,:,/,/,w,w,w,.,r,i,c,a,r,d,o,c,u,i,s,i,n,e,.,c,o,m,/,r,e,c,e,t,t,e,s,/,5,3,1,2,-,r,a,t,a,t,o,u,i,l,l,e
h,t,t,p,s,:,/,/,w,w,w,.,r,i,c,a,r,d,o,c,u,i,s,i,n,e,.,c,o,m,/,r,e,c,e,t,t,e,s,/,5,2,6,6,-,m,e,l,a,n,g,e,-,d,u,-,r,a,n,d,o,n,n,e,u,r
h,t,t,p,s,:,/,/,w,w,w,.,r,i,c,a,r,d,o,c,u,i,s,i,n,e,.,c,o,m,/,r,e,c,e,t,t,e,s,/,5,1,6,9,-,t,a,c,o,s,-,v,e,g,e,t,a,r,i,e,n,-,d,e,-,g,r,u,m,m,a,n
h,t,t,p,s,:,/,/,w,w,w,.,r,i,c,a,r,d,o,c,u,i,s,i,n,e,.,c,o,m,/,r,e,c,e,t,t,e,s,/,5,1,5,5,-,c,a,r,i,-,d,e,-,l,e,n,t,i,l,l,e,s,-,e,t,-,d,e,-,p,o,m,m,e,s,-,d,e,-,t,e,r,r,e
h,t,t,p,s,:,/,/,w,w,w,.,r,i,c,a,r,d,o,c,u,i,s,i,n,e,.,c,o,m,/,r,e,c,e,t,t,e,s,/,5,1,5,4,-,t,o,f,u,-,s,a,u,t,e,-,a,u,-,b,r,o,c,o,l,i
h,t,t,p,s,:,/,/,w,w,w,.,r,i,c,a,r,d,o,c,u,i,s,i,n,e,.,c,o,m,/,r,e,c,e,t,t,e,s,/,5,1,4,1,-,f,a,z,z,o,l,e,t,t,i,s,-,f,a,r,c,i,s,-,a,-,l,a,-,r,i,c,o,t,t,a,-,e,t,-,a,u,x,-,e,p,i,n,a,r,d,s,-,f,a,z,z,o,l,e,t,t,i,-,a,l,l,a,-,f,a,r,c,i,a,-,d,i,-,m,a,g,r,o,-
h,t,t,p,s,:,/,/,w,w,w,.,r,i,c,a,r,d,o,c,u,i,s,i,n,e,.,c,o,m,/,r,e,c,e,t,t,e,s,/,5,1,2,4,-,v,e,g,e,-,p,a,t,e
h,t,t,p,s,:,/,/,w,w,w,.,r,i,c,a,r,d,o,c,u,i,s,i,n,e,.,c,o,m,/,r,e,c,e,t,t,e,s,/,5,1,1,8,-,h,a,m,b,u,r,g,e,r,s,-,a,u,x,-,l,e,n,t,i,l,l,e,s
h,t,t,p,s,:,/,/,w,w,w,.,r,i,c,a,r,d,o,c,u,i,s,i,n,e,.,c,o,m,/,r,e,c,e,t,t,e,s,/,5,0,7,2,-,f,o,u,g,a,s,s,e,s,-,a,-,l,-,-,a,i,l,-,e,t,-,a,u,-,r,o,m,a,r,i,n
h,t,t,p,s,:,/,/,w,w,w,.,r,i,c,a,r,d,o,c,u,i,s,i,n,e,.,c,o,m,/,r,e,c,e,t,t,e,s,/,4,9,6,6,-,b,o,u,l,e,t,t,e,s,-,v,e,g,e,t,a,r,i,e,n,n,e,s
h,t,t,p,s,:,/,/,w,w,w,.,r,i,c,a,r,d,o,c,u,i,s,i,n,e,.,c,o,m,/,r,e,c,e,t,t,e,s,/,4,8,7,8,-,r,i,z,-,f,r,i,t,-,a,-,l,a,-,m,e,x,i,c,a,i,n,e
h,t,t,p,s,:,/,/,w,w,w,.,r,i,c,a,r,d,o,c,u,i,s,i,n,e,.,c,o,m,/,r,e,c,e,t,t,e,s,/,4,7,1,6,-,s,a,l,a,d,e,-,c,a,p,r,e,s,e,-,a,u,-,t,o,f,u,-,s,o,y,e,u,x
h,t,t,p,s,:,/,/,w,w,w,.,r,i,c,a,r,d,o,c,u,i,s,i,n,e,.,c,o,m,/,r,e,c,e,t,t,e,s,/,4,6,9,8,-,r,a,t,a,t,o,u,i,l,l,e,-,a,u,-,t,o,f,u
h,t,t,p,s,:,/,/,w,w,w,.,r,i,c,a,r,d,o,c,u,i,s,i,n,e,.,c,o,m,/,r,e,c,e,t,t,e,s,/,4,6,9,4,-,m,o,u,s,s,a,k,a,-,s,a,n,s,-,v,i,a,n,d,e
h,t,t,p,s,:,/,/,w,w,w,.,r,i,c,a,r,d,o,c,u,i,s,i,n,e,.,c,o,m,/,r,e,c,e,t,t,e,s,/,4,4,8,1,-,s,a,l,a,d,e,-,d,e,-,q,u,i,n,o,a,-,e,t,-,d,e,-,h,a,r,i,c,o,t,s
h,t,t,p,s,:,/,/,w,w,w,.,r,i,c,a,r,d,o,c,u,i,s,i,n,e,.,c,o,m,/,r,e,c,e,t,t,e,s,/,4,3,3,6,-,q,u,e,s,a,d,i,l,l,a,s,-,v,e,g,e,t,a,r,i,e,n,n,e,s
h,t,t,p,s,:,/,/,w,w,w,.,r,i,c,a,r,d,o,c,u,i,s,i,n,e,.,c,o,m,/,r,e,c,e,t,t,e,s,/,3,8,5,8,-,t,o,r,t,e,l,l,i,n,i,s,-,e,x,p,r,e,s,s
h,t,t,p,s,:,/,/,w,w,w,.,r,i,c,a,r,d,o,c,u,i,s,i,n,e,.,c,o,m,/,r,e,c,e,t,t,e,s,/,3,7,5,2,-,s,a,l,a,d,e,-,d,e,-,l,e,g,u,m,i,n,e,u,s,e,s,-,a,u,x,-,p,o,m,m,e,s,-,e,t,-,a,u,x,-,h,e,r,b,e,s,-,f,r,a,i,c,h,e,s
h,t,t,p,s,:,/,/,w,w,w,.,r,i,c,a,r,d,o,c,u,i,s,i,n,e,.,c,o,m,/,r,e,c,e,t,t,e,s,/,4,1,7,4,-,s,a,l,a,d,e,-,d,e,-,l,e,n,t,i,l,l,e,s,-,a,u,x,-,l,e,g,u,m,e,s
h,t,t,p,s,:,/,/,w,w,w,.,r,i,c,a,r,d,o,c,u,i,s,i,n,e,.,c,o,m,/,r,e,c,e,t,t,e,s,/,3,6,7,9,-,g,a,l,e,t,t,e,s,-,d,e,-,p,o,i,s,-,c,h,i,c,h,e,s
h,t,t,p,s,:,/,/,w,w,w,.,r,i,c,a,r,d,o,c,u,i,s,i,n,e,.,c,o,m,/,r,e,c,e,t,t,e,s,/,4,1,4,7,-,p,o,l,p,e,t,t,e,s,-,a,u,x,-,e,p,i,n,a,r,d,s,-,e,t,-,a,-,l,a,-,s,a,u,c,e,-,t,o,m,a,t,e
h,t,t,p,s,:,/,/,w,w,w,.,r,i,c,a,r,d,o,c,u,i,s,i,n,e,.,c,o,m,/,r,e,c,e,t,t,e,s,/,4,1,4,5,-,b,r,o,c,h,e,t,t,e,s,-,d,e,-,t,o,f,u,-,a,u,-,m,i,e,l,-,e,t,-,a,u,-,s,e,s,a,m,e,-,g,r,i,l,l,e
h,t,t,p,s,:,/,/,w,w,w,.,r,i,c,a,r,d,o,c,u,i,s,i,n,e,.,c,o,m,/,r,e,c,e,t,t,e,s,/,4,1,4,1,-,t,a,r,t,e,-,d,e,-,p,o,m,m,e,s,-,d,e,-,t,e,r,r,e,-,d,e,-,t,o,m,a,t,e,s,-,e,t,-,d,e,-,f,r,o,m,a,g,e,-,e,n,-,g,r,a,i,n,s
h,t,t,p,s,:,/,/,w,w,w,.,r,i,c,a,r,d,o,c,u,i,s,i,n,e,.,c,o,m,/,r,e,c,e,t,t,e,s,/,4,1,0,7,-,s,a,l,a,d,e,-,d,e,-,l,e,g,u,m,e,s,-,g,r,i,l,l,e,s,-,s,u,r,-,f,e,u,i,l,l,e,-,d,e,-,l,a,s,a,g,n,e
h,t,t,p,s,:,/,/,w,w,w,.,r,i,c,a,r,d,o,c,u,i,s,i,n,e,.,c,o,m,/,r,e,c,e,t,t,e,s,/,3,5,9,8,-,p,a,t,e,s,-,a,u,x,-,t,o,m,a,t,e,s,-,s,e,c,h,e,e,s,-,e,t,-,a,u,x,-,n,o,i,x,-,d,e,-,p,i,n
h,t,t,p,s,:,/,/,w,w,w,.,r,i,c,a,r,d,o,c,u,i,s,i,n,e,.,c,o,m,/,r,e,c,e,t,t,e,s,/,3,5,9,0,-,t,a,r,t,e,-,a,u,x,-,e,p,i,n,a,r,d,s,-,e,t,-,a,-,l,a,-,f,e,t,a
h,t,t,p,s,:,/,/,w,w,w,.,r,i,c,a,r,d,o,c,u,i,s,i,n,e,.,c,o,m,/,r,e,c,e,t,t,e,s,/,4,0,8,0,-,n,o,u,i,l,l,e,s,-,s,o,b,a,-,a,u,-,t,o,f,u,-,p,o,e,l,e
h,t,t,p,s,:,/,/,w,w,w,.,r,i,c,a,r,d,o,c,u,i,s,i,n,e,.,c,o,m,/,r,e,c,e,t,t,e,s,/,3,5,8,3,-,t,a,r,t,e,-,f,e,u,i,l,l,e,t,e,e,-,a,u,x,-,p,o,i,r,e,a,u,x,-,a,u,x,-,p,o,m,m,e,s,-,e,t,-,a,u,-,c,a,m,e,m,b,e,r,t
h,t,t,p,s,:,/,/,w,w,w,.,r,i,c,a,r,d,o,c,u,i,s,i,n,e,.,c,o,m,/,r,e,c,e,t,t,e,s,/,3,5,2,3,-,f,r,i,t,t,a,t,a,-,d,e,-,p,o,m,m,e,s,-,d,e,-,t,e,r,r,e,-,a,-,l,-,o,i,g,n,o,n
h,t,t,p,s,:,/,/,w,w,w,.,r,i,c,a,r,d,o,c,u,i,s,i,n,e,.,c,o,m,/,r,e,c,e,t,t,e,s,/,4,0,5,2,-,b,u,d,d,h,a,-,s,-,d,e,l,i,g,h,t,-,s,a,u,t,e,-,v,e,g,e,t,a,r,i,e,n,-,a,u,x,-,l,e,g,u,m,e,s,-,e,t,-,a,u,-,t,o,f,u,-
h,t,t,p,s,:,/,/,w,w,w,.,r,i,c,a,r,d,o,c,u,i,s,i,n,e,.,c,o,m,/,r,e,c,e,t,t,e,s,/,3,2,5,9,-,p,a,t,e,s,-,a,u,-,c,i,t,r,o,n,-,a,u,-,p,o,i,v,r,e,-,e,t,-,a,u,-,p,a,r,m,i,g,i,a,n,o,-,r,e,g,g,i,a,n,o
h,t,t,p,s,:,/,/,w,w,w,.,r,i,c,a,r,d,o,c,u,i,s,i,n,e,.,c,o,m,/,r,e,c,e,t,t,e,s,/,4,0,3,7,-,s,a,l,a,d,e,-,d,e,-,m,a,i,s,-,e,t,-,d,e,-,h,a,r,i,c,o,t,s,-,n,o,i,r,s
h,t,t,p,s,:,/,/,w,w,w,.,r,i,c,a,r,d,o,c,u,i,s,i,n,e,.,c,o,m,/,r,e,c,e,t,t,e,s,/,2,3,3,6,-,q,u,i,c,h,e,-,a,-,l,a,-,b,e,t,t,e,r,a,v,e,-,e,t,-,a,u,-,f,r,o,m,a,g,e,-,f,e,t,a
h,t,t,p,s,:,/,/,w,w,w,.,r,i,c,a,r,d,o,c,u,i,s,i,n,e,.,c,o,m,/,r,e,c,e,t,t,e,s,/,2,0,6,7,-,s,a,l,a,d,e,-,d,e,-,m,a,i,s,-,e,t,-,d,e,-,h,a,r,i,c,o,t,s,-,a,-,o,e,i,l,-,n,o,i,r
h,t,t,p,s,:,/,/,w,w,w,.,r,i,c,a,r,d,o,c,u,i,s,i,n,e,.,c,o,m,/,r,e,c,e,t,t,e,s,/,2,2,2,1,-,c,h,i,l,i,-,b,l,a,n,c,-,v,e,g,e,t,a,r,i,e,n
h,t,t,p,s,:,/,/,w,w,w,.,r,i,c,a,r,d,o,c,u,i,s,i,n,e,.,c,o,m,/,r,e,c,e,t,t,e,s,/,2,2,2,2,-,p,i,t,a,s,-,a,-,l,a,-,s,a,l,a,d,e,-,d,e,-,h,a,r,i,c,o,t,s,-,n,o,i,r,s,-,e,t,-,d,e,-,m,a,i,s
h,t,t,p,s,:,/,/,w,w,w,.,r,i,c,a,r,d,o,c,u,i,s,i,n,e,.,c,o,m,/,r,e,c,e,t,t,e,s,/,2,1,0,3,-,w,r,a,p,s,-,a,u,-,t,o,f,u,-,e,t,-,a,u,x,-,l,e,g,u,m,e,s,-,g,r,i,l,l,e,s
h,t,t,p,s,:,/,/,w,w,w,.,r,i,c,a,r,d,o,c,u,i,s,i,n,e,.,c,o,m,/,r,e,c,e,t,t,e,s,/,2,0,2,4,-,t,o,f,u,-,f,r,i,t,-,a,-,l,-,a,s,i,a,t,i,q,u,e
h,t,t,p,s,:,/,/,w,w,w,.,r,i,c,a,r,d,o,c,u,i,s,i,n,e,.,c,o,m,/,r,e,c,e,t,t,e,s,/,2,1,4,8,-,l,i,n,g,u,i,n,e,-,p,r,i,m,a,v,e,r,a
h,t,t,p,s,:,/,/,w,w,w,.,r,i,c,a,r,d,o,c,u,i,s,i,n,e,.,c,o,m,/,r,e,c,e,t,t,e,s,/,2,0,5,2,-,p,i,z,z,a,-,a,-,l,-,a,u,b,e,r,g,i,n,e,-,a,-,l,-,a,i,l,-,e,t,-,a,u,-,p,r,o,v,o,l,o,n,e
h,t,t,p,s,:,/,/,w,w,w,.,r,i,c,a,r,d,o,c,u,i,s,i,n,e,.,c,o,m,/,r,e,c,e,t,t,e,s,/,2,2,4,2,-,s,a,u,t,e,-,d,e,-,t,o,f,u,-,e,t,-,d,e,-,l,e,g,u,m,e,s,-,a,u,-,c,a,r,i,-,r,o,u,g,e
h,t,t,p,s,:,/,/,w,w,w,.,r,i,c,a,r,d,o,c,u,i,s,i,n,e,.,c,o,m,/,r,e,c,e,t,t,e,s,/,2,0,2,2,-,d,u,k,k,a
h,t,t,p,s,:,/,/,w,w,w,.,r,i,c,a,r,d,o,c,u,i,s,i,n,e,.,c,o,m,/,r,e,c,e,t,t,e,s,/,1,0,7,5,-,t,o,u,r,t,i,e,r,e,-,s,a,n,s,-,v,i,a,n,d,e,-,a,u,x,-,p,o,i,s,-,c,h,i,c,h,e,s,-,e,t,-,a,u,x,-,c,h,a,m,p,i,g,n,o,n,s
h,t,t,p,s,:,/,/,w,w,w,.,r,i,c,a,r,d,o,c,u,i,s,i,n,e,.,c,o,m,/,r,e,c,e,t,t,e,s,/,1,1,2,1,-,s,a,u,c,e,-,b,o,l,o,g,n,a,i,s,e,-,s,a,n,s,-,v,i,a,n,d,e
h,t,t,p,s,:,/,/,w,w,w,.,r,i,c,a,r,d,o,c,u,i,s,i,n,e,.,c,o,m,/,r,e,c,e,t,t,e,s,/,1,0,6,5,-,q,u,i,c,h,e,-,a,u,x,-,a,s,p,e,r,g,e,s,-,e,t,-,a,u,-,f,r,o,m,a,g,e,-,v,a,l,b,e,r,t
h,t,t,p,s,:,/,/,w,w,w,.,r,i,c,a,r,d,o,c,u,i,s,i,n,e,.,c,o,m,/,r,e,c,e,t,t,e,s,/,1,1,0,9,-,s,a,u,t,e,-,d,e,-,l,e,g,u,m,e,s,-,a,u,-,t,o,f,u
h,t,t,p,s,:,/,/,w,w,w,.,r,i,c,a,r,d,o,c,u,i,s,i,n,e,.,c,o,m,/,r,e,c,e,t,t,e,s,/,1,1,1,8,-,c,o,u,s,c,o,u,s,-,m,a,r,o,c,a,i,n,-,v,e,g,e,t,a,r,i,e,n
h,t,t,p,s,:,/,/,w,w,w,.,r,i,c,a,r,d,o,c,u,i,s,i,n,e,.,c,o,m,/,r,e,c,e,t,t,e,s,/,1,0,4,0,-,s,a,l,a,d,e,-,d,e,-,r,i,z,-,e,t,-,d,e,-,l,e,n,t,i,l,l,e,s
h,t,t,p,s,:,/,/,w,w,w,.,r,i,c,a,r,d,o,c,u,i,s,i,n,e,.,c,o,m,/,r,e,c,e,t,t,e,s,/,9,9,9,-,s,a,l,a,d,e,-,t,i,e,d,e,-,d,e,-,p,o,i,s,-,c,h,i,c,h,e,s,-,a,u,x,-,t,o,m,a,t,e,s,-,f,r,a,i,c,h,e,s,-,e,t,-,a,-,l,a,-,m,e,n,t,h,e
h,t,t,p,s,:,/,/,w,w,w,.,r,i,c,a,r,d,o,c,u,i,s,i,n,e,.,c,o,m,/,r,e,c,e,t,t,e,s,/,9,3,2,-,l,a,s,a,g,n,e,-,v,e,g,e,t,a,r,i,e,n,n,e,-,s,a,n,s,-,p,a,t,e
h,t,t,p,s,:,/,/,w,w,w,.,r,i,c,a,r,d,o,c,u,i,s,i,n,e,.,c,o,m,/,r,e,c,e,t,t,e,s,/,9,3,3,-,t,e,m,p,u,r,a,-,d,e,-,l,e,g,u,m,e,s,-,e,t,-,s,a,u,c,e,-,a,s,i,a,t,i,q,u,e
h,t,t,p,s,:,/,/,w,w,w,.,r,i,c,a,r,d,o,c,u,i,s,i,n,e,.,c,o,m,/,r,e,c,e,t,t,e,s,/,9,0,0,-,b,r,o,c,h,e,t,t,e,s,-,d,e,-,t,o,f,u,-,a,s,i,a,t,i,q,u,e,s
h,t,t,p,s,:,/,/,w,w,w,.,r,i,c,a,r,d,o,c,u,i,s,i,n,e,.,c,o,m,/,r,e,c,e,t,t,e,s,/,4,7,4,-,m,i,l,l,e,f,e,u,i,l,l,e,s,-,d,e,-,l,e,g,u,m,e,s,-,e,t,-,d,e,-,t,o,f,u,-,a,-,l,a,-,m,e,d,i,t,e,r,r,a,n,e,e,n,n,e
h,t,t,p,s,:,/,/,w,w,w,.,r,i,c,a,r,d,o,c,u,i,s,i,n,e,.,c,o,m,/,r,e,c,e,t,t,e,s,/,6,6,0,-,t,a,r,t,e,-,f,e,u,i,l,l,e,t,e,e,-,a,u,x,-,e,n,d,i,v,e,s,-,e,t,-,a,u,x,-,c,h,a,m,p,i,g,n,o,n,s
h,t,t,p,s,:,/,/,w,w,w,.,r,i,c,a,r,d,o,c,u,i,s,i,n,e,.,c,o,m,/,r,e,c,e,t,t,e,s,/,6,7,9,-,t,a,r,t,e,-,a,u,x,-,p,a,t,a,t,e,s,-,s,u,c,r,e,e,s,-,c,o,u,r,g,e,t,t,e,s,-,e,t,-,c,h,e,d,d,a,r
h,t,t,p,s,:,/,/,w,w,w,.,r,i,c,a,r,d,o,c,u,i,s,i,n,e,.,c,o,m,/,r,e,c,e,t,t,e,s,/,6,8,0,-,m,i,l,l,e,f,e,u,i,l,l,e,-,d,e,-,t,o,f,u,-,e,t,-,d,-,o,r,z,o,-,g,r,i,l,l,e
h,t,t,p,s,:,/,/,w,w,w,.,r,i,c,a,r,d,o,c,u,i,s,i,n,e,.,c,o,m,/,r,e,c,e,t,t,e,s,/,6,4,0,-,c,h,i,l,i,-,e,x,p,r,e,s,s,-,a,u,x,-,h,a,r,i,c,o,t,s,-,p,i,n,t,o
h,t,t,p,s,:,/,/,w,w,w,.,r,i,c,a,r,d,o,c,u,i,s,i,n,e,.,c,o,m,/,r,e,c,e,t,t,e,s,/,3,9,4,-,p,a,t,e,s,-,a,u,x,-,t,o,m,a,t,e,s,-,a,u,x,-,h,a,r,i,c,o,t,s,-,b,l,a,n,c,s,-,e,t,-,a,u,-,f,r,o,m,a,g,e
h,t,t,p,s,:,/,/,w,w,w,.,r,i,c,a,r,d,o,c,u,i,s,i,n,e,.,c,o,m,/,r,e,c,e,t,t,e,s,/,4,2,7,-,s,a,l,a,d,e,-,m,e,d,i,t,e,r,r,a,n,e,e,n,n,e
h,t,t,p,s,:,/,/,w,w,w,.,r,i,c,a,r,d,o,c,u,i,s,i,n,e,.,c,o,m,/,r,e,c,e,t,t,e,s,/,5,6,0,-,p,o,i,v,r,o,n,s,-,f,a,r,c,i,s,-,a,-,l,-,o,r,g,e
h,t,t,p,s,:,/,/,w,w,w,.,r,i,c,a,r,d,o,c,u,i,s,i,n,e,.,c,o,m,/,r,e,c,e,t,t,e,s,/,5,8,4,-,t,r,e,m,p,e,t,t,e,-,a,u,-,t,o,f,u
h,t,t,p,s,:,/,/,w,w,w,.,r,i,c,a,r,d,o,c,u,i,s,i,n,e,.,c,o,m,/,r,e,c,e,t,t,e,s,/,3,0,5,5,-,o,m,e,l,e,t,t,e,-,a,u,-,f,o,u,r
h,t,t,p,s,:,/,/,w,w,w,.,r,i,c,a,r,d,o,c,u,i,s,i,n,e,.,c,o,m,/,r,e,c,e,t,t,e,s,/,4,1,5,-,s,a,l,a,d,e,-,d,e,-,r,i,z,-,s,a,u,v,a,g,e,-,a,u,x,-,h,a,r,i,c,o,t,s,-,n,o,i,r,s
h,t,t,p,s,:,/,/,w,w,w,.,r,i,c,a,r,d,o,c,u,i,s,i,n,e,.,c,o,m,/,r,e,c,e,t,t,e,s,/,4,6,4,-,l,a,s,a,g,n,e,s,-,a,u,-,c,a,v,i,a,r,-,d,-,a,u,b,e,r,g,i,n,e,-,e,t,-,a,u,x,-,p,o,i,v,r,o,n,s,-,r,o,u,g,e,s,-,g,r,i,l,l,e,s
h,t,t,p,s,:,/,/,w,w,w,.,r,i,c,a,r,d,o,c,u,i,s,i,n,e,.,c,o,m,/,r,e,c,e,t,t,e,s,/,3,2,8,-,p,a,i,n,-,d,e,-,l,e,g,u,m,i,n,e,u,s,e,s,-,e,t,-,d,e,-,f,r,o,m,a,g,e
h,t,t,p,s,:,/,/,w,w,w,.,r,i,c,a,r,d,o,c,u,i,s,i,n,e,.,c,o,m,/,r,e,c,e,t,t,e,s,/,2,6,0,-,s,a,l,a,d,e,-,m,i,n,e,s,t,r,o,n,e
h,t,t,p,s,:,/,/,w,w,w,.,r,i,c,a,r,d,o,c,u,i,s,i,n,e,.,c,o,m,/,r,e,c,e,t,t,e,s,/,1,6,4,-,s,o,u,p,e,-,d,e,-,m,i,s,o,-,a,u,-,t,o,f,u
h,t,t,p,s,:,/,/,w,w,w,.,r,i,c,a,r,d,o,c,u,i,s,i,n,e,.,c,o,m,/,r,e,c,e,t,t,e,s,/,1,6,5,-,s,a,u,t,e,-,d,e,-,t,o,f,u,-,e,t,-,d,e,-,l,e,g,u,m,e,s,-,a,u,-,g,i,n,g,e,m,b,r,e
h,t,t,p,s,:,/,/,w,w,w,.,r,i,c,a,r,d,o,c,u,i,s,i,n,e,.,c,o,m,/,r,e,c,e,t,t,e,s,/,1,6,6,-,c,h,i,l,i,-,v,e,g,e,t,a,r,i,e,n
h,t,t,p,s,:,/,/,w,w,w,.,r,i,c,a,r,d,o,c,u,i,s,i,n,e,.,c,o,m,/,r,e,c,e,t,t,e,s,/,1,6,7,-,s,e,i,t,a,n,-,b,o,u,r,g,u,i,g,n,o,n
h,t,t,p,s,:,/,/,w,w,w,.,r,i,c,a,r,d,o,c,u,i,s,i,n,e,.,c,o,m,/,r,e,c,e,t,t,e,s,/,2,1,2,-,c,r,o,q,u,e,t,t,e,s,-,d,e,-,f,r,o,m,a,g,e,-,d,e,-,m,a,r,i,e,-,s,o,l,e,i,l,-,m,i,c,h,o,n
h,t,t,p,s,:,/,/,w,w,w,.,r,i,c,a,r,d,o,c,u,i,s,i,n,e,.,c,o,m,/,r,e,c,e,t,t,e,s,/,9,2,-,n,o,u,i,l,l,e,s,-,a,u,x,-,l,e,g,u,m,e,s,-,e,t,-,a,u,-,t,o,f,u,-,s,t,y,l,e,-,s,i,n,g,a,p,o,u,r

T,O,F,U,T,O,F,U,T,O,F,U,T,O,F,U,T,O,F,U,T,O,F,U,T,O,F,U,T,O,F,U,T,O,F,U,T,O,F,U

h,t,t,p,s,:,/,/,w,w,w,.,r,i,c,a,r,d,o,c,u,i,s,i,n,e,.,c,o,m,/,r,e,c,e,t,t,e,s,/,8,7,3,7,-,s,a,u,t,e,-,d,-,a,u,b,e,r,g,i,n,e,s,-,d,e,-,t,o,f,u,-,e,t,-,d,e,-,c,o,n,c,o,m,b,r,e,s,-,a,-,l,-,a,r,a,c,h,i,d,e
h,t,t,p,s,:,/,/,w,w,w,.,r,i,c,a,r,d,o,c,u,i,s,i,n,e,.,c,o,m,/,r,e,c,e,t,t,e,s,/,8,7,2,1,-,c,r,e,m,e,-,d,e,-,m,a,i,s,-,a,u,-,t,o,f,u,-,b,a,r,b,e,c,u,e
h,t,t,p,s,:,/,/,w,w,w,.,r,i,c,a,r,d,o,c,u,i,s,i,n,e,.,c,o,m,/,r,e,c,e,t,t,e,s,/,8,0,8,5,-,t,o,f,u,-,b,r,o,u,i,l,l,e,-,a,-,l,a,-,m,e,x,i,c,a,i,n,e
h,t,t,p,s,:,/,/,w,w,w,.,r,i,c,a,r,d,o,c,u,i,s,i,n,e,.,c,o,m,/,r,e,c,e,t,t,e,s,/,8,3,6,0,-,s,a,n,d,w,i,c,h,s,-,d,e,-,t,o,f,u,-,g,r,i,l,l,e
h,t,t,p,s,:,/,/,w,w,w,.,r,i,c,a,r,d,o,c,u,i,s,i,n,e,.,c,o,m,/,r,e,c,e,t,t,e,s,/,8,3,2,6,-,q,u,i,n,o,a,-,a,u,x,-,l,e,g,u,m,e,s,-,g,r,i,l,l,e,s,-,e,t,-,a,u,-,t,o,f,u
h,t,t,p,s,:,/,/,w,w,w,.,r,i,c,a,r,d,o,c,u,i,s,i,n,e,.,c,o,m,/,r,e,c,e,t,t,e,s,/,8,2,6,5,-,s,a,l,a,d,e,-,t,i,e,d,e,-,d,e,-,l,e,g,u,m,i,n,e,u,s,e,s,-,e,t,-,d,e,-,t,o,f,u,-,p,o,e,l,e
h,t,t,p,s,:,/,/,w,w,w,.,r,i,c,a,r,d,o,c,u,i,s,i,n,e,.,c,o,m,/,r,e,c,e,t,t,e,s,/,8,2,5,5,-,b,a,t,o,n,n,e,t,s,-,d,e,-,t,o,f,u,-,c,r,o,u,s,t,i,l,l,a,n,t,-,s,a,u,c,e,-,m,o,u,t,a,r,d,e,-,m,i,e,l
h,t,t,p,s,:,/,/,w,w,w,.,r,i,c,a,r,d,o,c,u,i,s,i,n,e,.,c,o,m,/,r,e,c,e,t,t,e,s,/,8,1,7,1,-,s,a,l,a,d,e,-,d,e,-,t,o,f,u,-,e,p,i,c,e,-,e,t,-,d,e,-,c,l,e,m,e,n,t,i,n,e,s
h,t,t,p,s,:,/,/,w,w,w,.,r,i,c,a,r,d,o,c,u,i,s,i,n,e,.,c,o,m,/,r,e,c,e,t,t,e,s,/,8,1,1,3,-,t,o,f,u,-,a,u,-,c,o,n,f,i,t,-,d,-,o,i,g,n,o,n,-,e,n,-,a,s,s,i,e,t,t,e,-,m,e,z,z,e
h,t,t,p,s,:,/,/,w,w,w,.,r,i,c,a,r,d,o,c,u,i,s,i,n,e,.,c,o,m,/,r,e,c,e,t,t,e,s,/,8,0,1,0,-,t,o,f,u,-,f,a,c,o,n,-,p,o,u,l,e,t,-,a,u,-,b,e,u,r,r,e
h,t,t,p,s,:,/,/,w,w,w,.,r,i,c,a,r,d,o,c,u,i,s,i,n,e,.,c,o,m,/,r,e,c,e,t,t,e,s,/,8,0,1,1,-,t,o,f,u,-,c,r,o,u,s,t,i,l,l,a,n,t,-,e,t,-,s,a,u,c,e,-,b,a,r,b,e,c,u,e
h,t,t,p,s,:,/,/,w,w,w,.,r,i,c,a,r,d,o,c,u,i,s,i,n,e,.,c,o,m,/,r,e,c,e,t,t,e,s,/,7,9,1,5,-,b,r,o,c,h,e,t,t,e,s,-,d,e,-,t,o,f,u,-,s,o,u,v,l,a,k,i
h,t,t,p,s,:,/,/,w,w,w,.,r,i,c,a,r,d,o,c,u,i,s,i,n,e,.,c,o,m,/,r,e,c,e,t,t,e,s,/,7,6,7,0,-,t,o,f,u,-,m,a,i,s,o,n
h,t,t,p,s,:,/,/,w,w,w,.,r,i,c,a,r,d,o,c,u,i,s,i,n,e,.,c,o,m,/,r,e,c,e,t,t,e,s,/,7,5,6,2,-,b,o,u,l,e,t,t,e,s,-,d,e,-,t,o,f,u
h,t,t,p,s,:,/,/,w,w,w,.,r,i,c,a,r,d,o,c,u,i,s,i,n,e,.,c,o,m,/,r,e,c,e,t,t,e,s,/,7,5,1,3,-,t,o,f,u,-,c,a,r,a,m,e,l,i,s,e,-,a,u,x,-,g,r,a,i,n,e,s,-,d,e,-,c,i,t,r,o,u,i,l,l,e
h,t,t,p,s,:,/,/,w,w,w,.,r,i,c,a,r,d,o,c,u,i,s,i,n,e,.,c,o,m,/,r,e,c,e,t,t,e,s,/,7,4,3,2,-,t,o,f,u,-,a,u,-,m,i,s,o,-,e,t,-,a,-,l,a,-,t,o,m,a,t,e
h,t,t,p,s,:,/,/,w,w,w,.,r,i,c,a,r,d,o,c,u,i,s,i,n,e,.,c,o,m,/,r,e,c,e,t,t,e,s,/,7,3,9,2,-,s,a,u,t,e,-,d,e,-,t,o,f,u,-,e,t,-,d,e,-,l,e,g,u,m,e,s,-,s,u,r,-,h,o,u,m,o,u,s,-,a,u,-,y,o,g,o,u,r,t
h,t,t,p,s,:,/,/,w,w,w,.,r,i,c,a,r,d,o,c,u,i,s,i,n,e,.,c,o,m,/,r,e,c,e,t,t,e,s,/,7,3,8,6,-,t,o,f,u,-,l,e,g,u,m,e,s,-,r,o,t,i,s,-,e,t,-,v,i,n,a,i,g,r,e,t,t,e,-,a,-,l,a,-,c,o,r,i,a,n,d,r,e
h,t,t,p,s,:,/,/,w,w,w,.,r,i,c,a,r,d,o,c,u,i,s,i,n,e,.,c,o,m,/,r,e,c,e,t,t,e,s,/,7,2,8,5,-,g,a,l,e,t,t,e,s,-,d,e,-,t,o,f,u,-,d,e,-,p,e,t,i,t,s,-,p,o,i,s,-,e,t,-,d,e,-,h,a,r,i,c,o,t,s,-,b,l,a,n,c,s
h,t,t,p,s,:,/,/,w,w,w,.,r,i,c,a,r,d,o,c,u,i,s,i,n,e,.,c,o,m,/,r,e,c,e,t,t,e,s,/,7,0,2,5,-,c,o,u,r,g,e,t,t,e,s,-,e,t,-,t,o,f,u,-,a,l,l,a,-,p,a,r,m,i,g,i,a,n,a
h,t,t,p,s,:,/,/,w,w,w,.,r,i,c,a,r,d,o,c,u,i,s,i,n,e,.,c,o,m,/,r,e,c,e,t,t,e,s,/,6,9,9,8,-,r,o,u,l,e,a,u,x,-,c,r,o,u,s,t,i,l,l,a,n,t,s,-,a,u,-,t,o,f,u
h,t,t,p,s,:,/,/,w,w,w,.,r,i,c,a,r,d,o,c,u,i,s,i,n,e,.,c,o,m,/,r,e,c,e,t,t,e,s,/,6,9,8,2,-,c,h,i,l,i,-,a,u,-,t,o,f,u,-,e,t,-,s,a,l,a,d,e,-,d,-,a,v,o,c,a,t
h,t,t,p,s,:,/,/,w,w,w,.,r,i,c,a,r,d,o,c,u,i,s,i,n,e,.,c,o,m,/,r,e,c,e,t,t,e,s,/,6,8,8,9,-,c,o,u,r,g,e,s,-,f,a,r,c,i,e,s,-,a,u,-,t,o,f,u,-,a,-,l,a,-,r,i,c,o,t,t,a,-,e,t,-,a,u,x,-,e,p,i,n,a,r,d,s
h,t,t,p,s,:,/,/,w,w,w,.,r,i,c,a,r,d,o,c,u,i,s,i,n,e,.,c,o,m,/,r,e,c,e,t,t,e,s,/,6,8,8,2,-,s,a,n,d,w,i,c,h,-,d,e,l,i,-,a,-,l,a,-,b,e,t,t,e,r,a,v,e,-,e,t,-,a,u,-,t,o,f,u
h,t,t,p,s,:,/,/,w,w,w,.,r,i,c,a,r,d,o,c,u,i,s,i,n,e,.,c,o,m,/,r,e,c,e,t,t,e,s,/,6,6,1,7,-,c,a,r,i,-,d,-,a,u,b,e,r,g,i,n,e,-,d,e,-,t,o,f,u,-,e,t,-,d,e,-,p,o,i,s,-,c,h,i,c,h,e,s
h,t,t,p,s,:,/,/,w,w,w,.,r,i,c,a,r,d,o,c,u,i,s,i,n,e,.,c,o,m,/,r,e,c,e,t,t,e,s,/,6,5,3,1,-,s,o,u,p,e,-,a,u,-,t,o,f,u,-,e,t,-,a,u,-,k,a,l,e
h,t,t,p,s,:,/,/,w,w,w,.,r,i,c,a,r,d,o,c,u,i,s,i,n,e,.,c,o,m,/,r,e,c,e,t,t,e,s,/,6,4,4,0,-,s,a,u,t,e,-,d,e,-,t,o,f,u,-,a,u,-,c,a,r,i
h,t,t,p,s,:,/,/,w,w,w,.,r,i,c,a,r,d,o,c,u,i,s,i,n,e,.,c,o,m,/,r,e,c,e,t,t,e,s,/,6,4,2,7,-,n,e,m,s,-,a,u,-,t,o,f,u
h,t,t,p,s,:,/,/,w,w,w,.,r,i,c,a,r,d,o,c,u,i,s,i,n,e,.,c,o,m,/,r,e,c,e,t,t,e,s,/,6,1,5,8,-,a,u,b,e,r,g,i,n,e,s,-,e,t,-,t,o,f,u,-,a,i,g,r,e,-,d,o,u,x
h,t,t,p,s,:,/,/,w,w,w,.,r,i,c,a,r,d,o,c,u,i,s,i,n,e,.,c,o,m,/,r,e,c,e,t,t,e,s,/,6,1,0,5,-,b,u,r,g,e,r,s,-,a,u,-,t,o,f,u,-,p,a,n,e
h,t,t,p,s,:,/,/,w,w,w,.,r,i,c,a,r,d,o,c,u,i,s,i,n,e,.,c,o,m,/,r,e,c,e,t,t,e,s,/,6,0,9,2,-,s,u,s,h,i,s,-,v,e,g,e,t,a,r,i,e,n,s,-,a,u,-,t,o,f,u,-,a,u,-,g,i,n,g,e,m,b,r,e,-,e,t,-,a,u,-,f,r,o,m,a,g,e,-,g,r,i,l,l,e
h,t,t,p,s,:,/,/,w,w,w,.,r,i,c,a,r,d,o,c,u,i,s,i,n,e,.,c,o,m,/,r,e,c,e,t,t,e,s,/,5,9,9,1,-,b,o,u,c,h,e,e,s,-,a,u,-,t,o,f,u,-,e,t,-,a,u,-,c,o,n,c,o,m,b,r,e
h,t,t,p,s,:,/,/,w,w,w,.,r,i,c,a,r,d,o,c,u,i,s,i,n,e,.,c,o,m,/,r,e,c,e,t,t,e,s,/,5,9,4,2,-,t,a,r,t,i,n,a,d,e,-,d,e,-,t,o,f,u
h,t,t,p,s,:,/,/,w,w,w,.,r,i,c,a,r,d,o,c,u,i,s,i,n,e,.,c,o,m,/,r,e,c,e,t,t,e,s,/,5,7,9,5,-,t,o,f,u,-,a,u,-,c,a,r,i
h,t,t,p,s,:,/,/,w,w,w,.,r,i,c,a,r,d,o,c,u,i,s,i,n,e,.,c,o,m,/,r,e,c,e,t,t,e,s,/,5,6,7,5,-,t,o,f,u,-,g,e,n,e,r,a,l,-,t,a,o
h,t,t,p,s,:,/,/,w,w,w,.,r,i,c,a,r,d,o,c,u,i,s,i,n,e,.,c,o,m,/,r,e,c,e,t,t,e,s,/,5,6,0,1,-,s,a,u,t,e,-,d,e,-,t,o,f,u,-,a,u,x,-,n,o,i,x,-,d,e,-,c,a,j,o,u
h,t,t,p,s,:,/,/,w,w,w,.,r,i,c,a,r,d,o,c,u,i,s,i,n,e,.,c,o,m,/,r,e,c,e,t,t,e,s,/,8,2,6,5,-,s,a,l,a,d,e,-,t,i,e,d,e,-,d,e,-,l,e,g,u,m,i,n,e,u,s,e,s,-,e,t,-,d,e,-,t,o,f,u,-,p,o,e,l,e
h,t,t,p,s,:,/,/,w,w,w,.,r,i,c,a,r,d,o,c,u,i,s,i,n,e,.,c,o,m,/,r,e,c,e,t,t,e,s,/,8,2,5,5,-,b,a,t,o,n,n,e,t,s,-,d,e,-,t,o,f,u,-,c,r,o,u,s,t,i,l,l,a,n,t,-,s,a,u,c,e,-,m,o,u,t,a,r,d,e,-,m,i,e,l
h,t,t,p,s,:,/,/,w,w,w,.,r,i,c,a,r,d,o,c,u,i,s,i,n,e,.,c,o,m,/,r,e,c,e,t,t,e,s,/,8,1,7,1,-,s,a,l,a,d,e,-,d,e,-,t,o,f,u,-,e,p,i,c,e,-,e,t,-,d,e,-,c,l,e,m,e,n,t,i,n,e,s
h,t,t,p,s,:,/,/,w,w,w,.,r,i,c,a,r,d,o,c,u,i,s,i,n,e,.,c,o,m,/,r,e,c,e,t,t,e,s,/,8,1,1,3,-,t,o,f,u,-,a,u,-,c,o,n,f,i,t,-,d,-,o,i,g,n,o,n,-,e,n,-,a,s,s,i,e,t,t,e,-,m,e,z,z,e
h,t,t,p,s,:,/,/,w,w,w,.,r,i,c,a,r,d,o,c,u,i,s,i,n,e,.,c,o,m,/,r,e,c,e,t,t,e,s,/,8,0,1,0,-,t,o,f,u,-,f,a,c,o,n,-,p,o,u,l,e,t,-,a,u,-,b,e,u,r,r,e
h,t,t,p,s,:,/,/,w,w,w,.,r,i,c,a,r,d,o,c,u,i,s,i,n,e,.,c,o,m,/,r,e,c,e,t,t,e,s,/,8,0,1,1,-,t,o,f,u,-,c,r,o,u,s,t,i,l,l,a,n,t,-,e,t,-,s,a,u,c,e,-,b,a,r,b,e,c,u,e
h,t,t,p,s,:,/,/,w,w,w,.,r,i,c,a,r,d,o,c,u,i,s,i,n,e,.,c,o,m,/,r,e,c,e,t,t,e,s,/,7,9,1,5,-,b,r,o,c,h,e,t,t,e,s,-,d,e,-,t,o,f,u,-,s,o,u,v,l,a,k,i
h,t,t,p,s,:,/,/,w,w,w,.,r,i,c,a,r,d,o,c,u,i,s,i,n,e,.,c,o,m,/,r,e,c,e,t,t,e,s,/,8,2,6,5,-,s,a,l,a,d,e,-,t,i,e,d,e,-,d,e,-,l,e,g,u,m,i,n,e,u,s,e,s,-,e,t,-,d,e,-,t,o,f,u,-,p,o,e,l,e
h,t,t,p,s,:,/,/,w,w,w,.,r,i,c,a,r,d,o,c,u,i,s,i,n,e,.,c,o,m,/,r,e,c,e,t,t,e,s,/,8,2,5,5,-,b,a,t,o,n,n,e,t,s,-,d,e,-,t,o,f,u,-,c,r,o,u,s,t,i,l,l,a,n,t,-,s,a,u,c,e,-,m,o,u,t,a,r,d,e,-,m,i,e,l
h,t,t,p,s,:,/,/,w,w,w,.,r,i,c,a,r,d,o,c,u,i,s,i,n,e,.,c,o,m,/,r,e,c,e,t,t,e,s,/,8,1,7,1,-,s,a,l,a,d,e,-,d,e,-,t,o,f,u,-,e,p,i,c,e,-,e,t,-,d,e,-,c,l,e,m,e,n,t,i,n,e,s
h,t,t,p,s,:,/,/,w,w,w,.,r,i,c,a,r,d,o,c,u,i,s,i,n,e,.,c,o,m,/,r,e,c,e,t,t,e,s,/,8,1,1,3,-,t,o,f,u,-,a,u,-,c,o,n,f,i,t,-,d,-,o,i,g,n,o,n,-,e,n,-,a,s,s,i,e,t,t,e,-,m,e,z,z,e
h,t,t,p,s,:,/,/,w,w,w,.,r,i,c,a,r,d,o,c,u,i,s,i,n,e,.,c,o,m,/,r,e,c,e,t,t,e,s,/,8,0,1,0,-,t,o,f,u,-,f,a,c,o,n,-,p,o,u,l,e,t,-,a,u,-,b,e,u,r,r,e
h,t,t,p,s,:,/,/,w,w,w,.,r,i,c,a,r,d,o,c,u,i,s,i,n,e,.,c,o,m,/,r,e,c,e,t,t,e,s,/,8,0,1,1,-,t,o,f,u,-,c,r,o,u,s,t,i,l,l,a,n,t,-,e,t,-,s,a,u,c,e,-,b,a,r,b,e,c,u,e
h,t,t,p,s,:,/,/,w,w,w,.,r,i,c,a,r,d,o,c,u,i,s,i,n,e,.,c,o,m,/,r,e,c,e,t,t,e,s,/,7,9,1,5,-,b,r,o,c,h,e,t,t,e,s,-,d,e,-,t,o,f,u,-,s,o,u,v,l,a,k,i
h,t,t,p,s,:,/,/,w,w,w,.,r,i,c,a,r,d,o,c,u,i,s,i,n,e,.,c,o,m,/,r,e,c,e,t,t,e,s,/,8,2,6,5,-,s,a,l,a,d,e,-,t,i,e,d,e,-,d,e,-,l,e,g,u,m,i,n,e,u,s,e,s,-,e,t,-,d,e,-,t,o,f,u,-,p,o,e,l,e
h,t,t,p,s,:,/,/,w,w,w,.,r,i,c,a,r,d,o,c,u,i,s,i,n,e,.,c,o,m,/,r,e,c,e,t,t,e,s,/,8,2,5,5,-,b,a,t,o,n,n,e,t,s,-,d,e,-,t,o,f,u,-,c,r,o,u,s,t,i,l,l,a,n,t,-,s,a,u,c,e,-,m,o,u,t,a,r,d,e,-,m,i,e,l
h,t,t,p,s,:,/,/,w,w,w,.,r,i,c,a,r,d,o,c,u,i,s,i,n,e,.,c,o,m,/,r,e,c,e,t,t,e,s,/,8,1,7,1,-,s,a,l,a,d,e,-,d,e,-,t,o,f,u,-,e,p,i,c,e,-,e,t,-,d,e,-,c,l,e,m,e,n,t,i,n,e,s
h,t,t,p,s,:,/,/,w,w,w,.,r,i,c,a,r,d,o,c,u,i,s,i,n,e,.,c,o,m,/,r,e,c,e,t,t,e,s,/,8,1,1,3,-,t,o,f,u,-,a,u,-,c,o,n,f,i,t,-,d,-,o,i,g,n,o,n,-,e,n,-,a,s,s,i,e,t,t,e,-,m,e,z,z,e
h,t,t,p,s,:,/,/,w,w,w,.,r,i,c,a,r,d,o,c,u,i,s,i,n,e,.,c,o,m,/,r,e,c,e,t,t,e,s,/,8,0,1,0,-,t,o,f,u,-,f,a,c,o,n,-,p,o,u,l,e,t,-,a,u,-,b,e,u,r,r,e
h,t,t,p,s,:,/,/,w,w,w,.,r,i,c,a,r,d,o,c,u,i,s,i,n,e,.,c,o,m,/,r,e,c,e,t,t,e,s,/,8,0,1,1,-,t,o,f,u,-,c,r,o,u,s,t,i,l,l,a,n,t,-,e,t,-,s,a,u,c,e,-,b,a,r,b,e,c,u,e
h,t,t,p,s,:,/,/,w,w,w,.,r,i,c,a,r,d,o,c,u,i,s,i,n,e,.,c,o,m,/,r,e,c,e,t,t,e,s,/,7,9,1,5,-,b,r,o,c,h,e,t,t,e,s,-,d,e,-,t,o,f,u,-,s,o,u,v,l,a,k,i
h,t,t,p,s,:,/,/,w,w,w,.,r,i,c,a,r,d,o,c,u,i,s,i,n,e,.,c,o,m,/,r,e,c,e,t,t,e,s,/,8,2,6,5,-,s,a,l,a,d,e,-,t,i,e,d,e,-,d,e,-,l,e,g,u,m,i,n,e,u,s,e,s,-,e,t,-,d,e,-,t,o,f,u,-,p,o,e,l,e
h,t,t,p,s,:,/,/,w,w,w,.,r,i,c,a,r,d,o,c,u,i,s,i,n,e,.,c,o,m,/,r,e,c,e,t,t,e,s,/,8,2,5,5,-,b,a,t,o,n,n,e,t,s,-,d,e,-,t,o,f,u,-,c,r,o,u,s,t,i,l,l,a,n,t,-,s,a,u,c,e,-,m,o,u,t,a,r,d,e,-,m,i,e,l
h,t,t,p,s,:,/,/,w,w,w,.,r,i,c,a,r,d,o,c,u,i,s,i,n,e,.,c,o,m,/,r,e,c,e,t,t,e,s,/,8,1,7,1,-,s,a,l,a,d,e,-,d,e,-,t,o,f,u,-,e,p,i,c,e,-,e,t,-,d,e,-,c,l,e,m,e,n,t,i,n,e,s
h,t,t,p,s,:,/,/,w,w,w,.,r,i,c,a,r,d,o,c,u,i,s,i,n,e,.,c,o,m,/,r,e,c,e,t,t,e,s,/,8,1,1,3,-,t,o,f,u,-,a,u,-,c,o,n,f,i,t,-,d,-,o,i,g,n,o,n,-,e,n,-,a,s,s,i,e,t,t,e,-,m,e,z,z,e
h,t,t,p,s,:,/,/,w,w,w,.,r,i,c,a,r,d,o,c,u,i,s,i,n,e,.,c,o,m,/,r,e,c,e,t,t,e,s,/,8,0,1,0,-,t,o,f,u,-,f,a,c,o,n,-,p,o,u,l,e,t,-,a,u,-,b,e,u,r,r,e
h,t,t,p,s,:,/,/,w,w,w,.,r,i,c,a,r,d,o,c,u,i,s,i,n,e,.,c,o,m,/,r,e,c,e,t,t,e,s,/,8,0,1,1,-,t,o,f,u,-,c,r,o,u,s,t,i,l,l,a,n,t,-,e,t,-,s,a,u,c,e,-,b,a,r,b,e,c,u,e
h,t,t,p,s,:,/,/,w,w,w,.,r,i,c,a,r,d,o,c,u,i,s,i,n,e,.,c,o,m,/,r,e,c,e,t,t,e,s,/,7,9,1,5,-,b,r,o,c,h,e,t,t,e,s,-,d,e,-,t,o,f,u,-,s,o,u,v,l,a,k,i
